,metabolite_id,pH,amount,amount_units,reference,solvent,hmdb_experiment_number,bmrb_accession,database_of_origin,database_of_origin_id
SA:3087,SU:35,,,,,,,bmse000159,GISSMO,bmse000159
SA:3088,SU:1941,,,,,,,bmse000617,GISSMO,bmse000617
SA:3089,SU:1527,,,,,,,bmse000603,GISSMO,bmse000603
SA:3090,SU:234,,,,,,,bmse000830,GISSMO,bmse000830
SA:3091,SU:487,,,,,,,bmse000824,GISSMO,bmse000824
SA:3092,SU:261,,,,,,,bmse000429,GISSMO,bmse000429
SA:3093,SU:1189,,,,,,,bmse000415,GISSMO,bmse000415
SA:3094,SU:353,,,,,,,bmse000373,GISSMO,bmse000373
SA:3095,SU:1604,,,,,,,bmse000367,GISSMO,bmse000367
SA:3096,SU:121,,,,,,,bmse000398,GISSMO,bmse000398
SA:3097,SU:1334,,,,,,,bmse001125,GISSMO,bmse001125
SA:3098,SU:185,,,,,,,bmse000207,GISSMO,bmse000207
SA:3099,SU:107,,,,,,,bmse000039,GISSMO,bmse000039
SA:3100,SU:28,,,,,,,bmse000005,GISSMO,bmse000005
SA:3101,SU:1782,,,,,,,bmse000777,GISSMO,bmse000777
SA:3102,SU:1500,,,,,,,bmse000944,GISSMO,bmse000944
SA:3103,SU:40,,,,,,,bmse000950,GISSMO,bmse000950
SA:3104,SU:118,,,,,,,bmse000978,GISSMO,bmse000978
SA:3105,SU:113,,,,,,,bmse000979,GISSMO,bmse000979
SA:3106,SU:117,,,,,,,bmse000776,GISSMO,bmse000776
SA:3107,SU:1970,,,,,,,bmse000762,GISSMO,bmse000762
SA:3108,SU:310,,,,,,,bmse000038,GISSMO,bmse000038
SA:3109,SU:1091,,,,,,,bmse000986,GISSMO,bmse000986
SA:3110,SU:106,,,,,,,bmse000212,GISSMO,bmse000212
SA:3111,SU:1537,,,,,,,bmse000574,GISSMO,bmse000574
SA:3112,SU:1902,,,,,,,bmse000560,GISSMO,bmse000560
SA:3113,SU:607,,,,,,,bmse000206,GISSMO,bmse000206
SA:3114,SU:1542,,,,,,,bmse000548,GISSMO,bmse000548
SA:3115,SU:1464,,,,,,,bmse001124,GISSMO,bmse001124
SA:3116,SU:167,,,,,,,bmse000399,GISSMO,bmse000399
SA:3117,SU:1749,,,,,,,bmse000400,GISSMO,bmse000400
SA:3118,SU:1949,,,,,,,bmse000414,GISSMO,bmse000414
SA:3119,SU:1710,,,,,,,bmse000428,GISSMO,bmse000428
SA:3120,SU:1163,,,,,,,bmse000825,GISSMO,bmse000825
SA:3121,SU:1495,,,,,,,bmse000831,GISSMO,bmse000831
SA:3122,SU:1776,,,,,,,bmse000602,GISSMO,bmse000602
SA:3123,SU:180,,,,,,,bmse000158,GISSMO,bmse000158
SA:3124,SU:1885,,,,,,,bmse000166,GISSMO,bmse000166
SA:3125,SU:251,,,,,,,bmse000614,GISSMO,bmse000614
SA:3126,SU:333,,,,,,,bmse000172,GISSMO,bmse000172
SA:3127,SU:305,,,,,,,bmse000199,GISSMO,bmse000199
SA:3128,SU:1607,,,,,,,bmse000358,GISSMO,bmse000358
SA:3129,SU:25,,,,,,,bmse000402,GISSMO,bmse000402
SA:3130,SU:384,,,,,,,bmse000364,GISSMO,bmse000364
SA:3131,SU:92,,,,,,,bmse000238,GISSMO,bmse000238
SA:3132,SU:1566,,,,,,,bmse000576,GISSMO,bmse000576
SA:3133,SU:1786,,,,,,,bmse000589,GISSMO,bmse000589
SA:3134,SU:827,,,,,,,bmse000990,GISSMO,bmse000990
SA:3135,SU:1971,,,,,,,bmse000984,GISSMO,bmse000984
SA:3136,SU:1528,,,,,,,bmse000774,GISSMO,bmse000774
SA:3137,SU:324,,,,,,,bmse000760,GISSMO,bmse000760
SA:3138,SU:271,,,,,,,bmse000006,GISSMO,bmse000006
SA:3139,SU:58,,,,,,,bmse000953,GISSMO,bmse000953
SA:3140,SU:97,,,,,,,bmse000947,GISSMO,bmse000947
SA:3141,SU:72,,,,,,,bmse000952,GISSMO,bmse000952
SA:3142,SU:374,,,,,,,bmse000761,GISSMO,bmse000761
SA:3143,SU:1751,,,,,,,bmse000007,GISSMO,bmse000007
SA:3144,SU:1574,,,,,,,bmse000775,GISSMO,bmse000775
SA:3145,SU:1972,,,,,,,bmse000985,GISSMO,bmse000985
SA:3146,SU:1973,,,,,,,bmse000211,GISSMO,bmse000211
SA:3147,SU:319,,,,,,,bmse000239,GISSMO,bmse000239
SA:3148,SU:699,,,,,,,bmse001133,GISSMO,bmse001133
SA:3149,SU:881,,,,,,,bmse000371,GISSMO,bmse000371
SA:3150,SU:415,,,,,,,bmse000417,GISSMO,bmse000417
SA:3151,SU:1443,,,,,,,bmse000403,GISSMO,bmse000403
SA:3152,SU:1876,,,,,,,bmse000365,GISSMO,bmse000365
SA:3153,SU:373,,,,,,,bmse000359,GISSMO,bmse000359
SA:3154,SU:1933,,,,,,,bmse000826,GISSMO,bmse000826
SA:3155,SU:230,,,,,,,bmse000615,GISSMO,bmse000615
SA:3156,SU:876,,,,,,,bmse000173,GISSMO,bmse000173
SA:3157,SU:1974,,,,,,,bmse000167,GISSMO,bmse000167
SA:3158,SU:1479,,,,,,,bmse000601,GISSMO,bmse000601
SA:3159,SU:1917,,,,,,,bmse000629,GISSMO,bmse000629
SA:3160,SU:1779,,,,,,,bmse000605,GISSMO,bmse000605
SA:3161,SU:119,,,,,,,bmse000177,GISSMO,bmse000177
SA:3162,SU:1919,,,,,,,bmse000611,GISSMO,bmse000611
SA:3163,SU:342,,,,,,,bmse000639,GISSMO,bmse000639
SA:3164,SU:1633,,,,,,,bmse000361,GISSMO,bmse000361
SA:3165,SU:794,,,,,,,bmse000407,GISSMO,bmse000407
SA:3166,SU:1945,,,,,,,bmse000413,GISSMO,bmse000413
SA:3167,SU:1975,,,,,,,bmse000573,GISSMO,bmse000573
SA:3168,SU:1909,,,,,,,bmse000567,GISSMO,bmse000567
SA:3169,SU:1815,,,,,,,bmse000771,GISSMO,bmse000771
SA:3170,SU:51,,,,,,,bmse000003,GISSMO,bmse000003
SA:3171,SU:1870,,,,,,,bmse000765,GISSMO,bmse000765
SA:3172,SU:435,,,,,,,bmse000759,GISSMO,bmse000759
SA:3173,SU:44,,,,,,,bmse000942,GISSMO,bmse000942
SA:3174,SU:736,,,,,,,bmse000943,GISSMO,bmse000943
SA:3175,SU:1976,,,,,,,bmse000957,GISSMO,bmse000957
SA:3176,SU:1089,,,,,,,bmse000758,GISSMO,bmse000758
SA:3177,SU:530,,,,,,,bmse000002,GISSMO,bmse000002
SA:3178,SU:1181,,,,,,,bmse000599,GISSMO,bmse000599
SA:3179,SU:815,,,,,,,bmse001122,GISSMO,bmse001122
SA:3180,SU:1659,,,,,,,bmse001136,GISSMO,bmse001136
SA:3181,SU:76,,,,,,,bmse000200,GISSMO,bmse000200
SA:3182,SU:1926,,,,,,,bmse000348,GISSMO,bmse000348
SA:3183,SU:1356,,,,,,,bmse000412,GISSMO,bmse000412
SA:3184,SU:1610,,,,,,,bmse000360,GISSMO,bmse000360
SA:3185,SU:318,,,,,,,bmse000406,GISSMO,bmse000406
SA:3186,SU:1451,,,,,,,bmse000837,GISSMO,bmse000837
SA:3187,SU:1516,,,,,,,bmse000176,GISSMO,bmse000176
SA:3188,SU:268,,,,,,,bmse000610,GISSMO,bmse000610
SA:3189,SU:130,,,,,,,bmse000162,GISSMO,bmse000162
SA:3190,SU:1822,,,,,,,bmse000174,GISSMO,bmse000174
SA:3191,SU:166,,,,,,,bmse000160,GISSMO,bmse000160
SA:3192,SU:1474,,,,,,,bmse000606,GISSMO,bmse000606
SA:3193,SU:721,,,,,,,bmse001295,GISSMO,bmse001295
SA:3194,SU:1800,,,,,,,bmse000376,GISSMO,bmse000376
SA:3195,SU:351,,,,,,,bmse000410,GISSMO,bmse000410
SA:3196,SU:131,,,,,,,bmse000404,GISSMO,bmse000404
SA:3197,SU:1880,,,,,,,bmse000362,GISSMO,bmse000362
SA:3198,SU:1746,,,,,,,bmse000438,GISSMO,bmse000438
SA:3199,SU:917,,,,,,,bmse000389,GISSMO,bmse000389
SA:3200,SU:1716,,,,,,,bmse000202,GISSMO,bmse000202
SA:3201,SU:1627,,,,,,,bmse000564,GISSMO,bmse000564
SA:3202,SU:1535,,,,,,,bmse000570,GISSMO,bmse000570
SA:3203,SU:1693,,,,,,,bmse001108,GISSMO,bmse001108
SA:3204,SU:1967,,,,,,,bmse001134,GISSMO,bmse001134
SA:3205,SU:1594,,,,,,,bmse000766,GISSMO,bmse000766
SA:3206,SU:1581,,,,,,,bmse000772,GISSMO,bmse000772
SA:3207,SU:216,,,,,,,bmse000982,GISSMO,bmse000982
SA:3208,SU:96,,,,,,,bmse000028,GISSMO,bmse000028
SA:3209,SU:54,,,,,,,bmse000969,GISSMO,bmse000969
SA:3210,SU:182,,,,,,,bmse000940,GISSMO,bmse000940
SA:3211,SU:157,,,,,,,bmse000968,GISSMO,bmse000968
SA:3212,SU:264,,,,,,,bmse000029,GISSMO,bmse000029
SA:3213,SU:824,,,,,,,bmse000015,GISSMO,bmse000015
SA:3214,SU:1522,,,,,,,bmse000773,GISSMO,bmse000773
SA:3215,SU:1977,,,,,,,bmse000767,GISSMO,bmse000767
SA:3216,SU:1978,,,,,,,bmse000001,GISSMO,bmse000001
SA:3217,SU:763,,,,,,,bmse001121,GISSMO,bmse001121
SA:3218,SU:83,,,,,,,bmse000203,GISSMO,bmse000203
SA:3219,SU:784,,,,,,,bmse000388,GISSMO,bmse000388
SA:3220,SU:627,,,,,,,bmse000439,GISSMO,bmse000439
SA:3221,SU:817,,,,,,,bmse000405,GISSMO,bmse000405
SA:3222,SU:1850,,,,,,,bmse000363,GISSMO,bmse000363
SA:3223,SU:969,,,,,,,bmse000377,GISSMO,bmse000377
SA:3224,SU:1727,,,,,,,bmse000834,GISSMO,bmse000834
SA:3225,SU:1979,,,,,,,bmse000161,GISSMO,bmse000161
SA:3226,SU:704,,,,,,,bmse000607,GISSMO,bmse000607
SA:3227,SU:105,,,,,,,bmse000175,GISSMO,bmse000175
SA:3228,SU:1665,,,,,,,bmse000648,GISSMO,bmse000648
SA:3229,SU:1931,,,,,,,bmse000674,GISSMO,bmse000674
SA:3230,SU:149,,,,,,,bmse000112,GISSMO,bmse000112
SA:3231,SU:872,,,,,,,bmse000660,GISSMO,bmse000660
SA:3232,SU:320,,,,,,,bmse000338,GISSMO,bmse000338
SA:3233,SU:1529,,,,,,,bmse000310,GISSMO,bmse000310
SA:3234,SU:506,,,,,,,bmse000462,GISSMO,bmse000462
SA:3235,SU:830,,,,,,,bmse000304,GISSMO,bmse000304
SA:3236,SU:1446,,,,,,,bmse001146,GISSMO,bmse001146
SA:3237,SU:823,,,,,,,bmse000258,GISSMO,bmse000258
SA:3238,SU:1714,,,,,,,bmse001152,GISSMO,bmse001152
SA:3239,SU:1431,,,,,,,bmse000264,GISSMO,bmse000264
SA:3240,SU:242,,,,,,,bmse000516,GISSMO,bmse000516
SA:3241,SU:513,,,,,,,bmse000270,GISSMO,bmse000270
SA:3242,SU:1235,,,,,,,bmse001191,GISSMO,bmse001191
SA:3243,SU:547,,,,,,,bmse000066,GISSMO,bmse000066
SA:3244,SU:734,,,,,,,bmse000072,GISSMO,bmse000072
SA:3245,SU:46,,,,,,,bmse000933,GISSMO,bmse000933
SA:3246,SU:118,,,,,,,bmse000098,GISSMO,bmse000098
SA:3247,SU:764,,,,,,,bmse000073,GISSMO,bmse000073
SA:3248,SU:323,,,,,,,bmse000715,GISSMO,bmse000715
SA:3249,SU:272,,,,,,,bmse000701,GISSMO,bmse000701
SA:3250,SU:499,,,,,,,bmse000067,GISSMO,bmse000067
SA:3251,SU:775,,,,,,,bmse001190,GISSMO,bmse001190
SA:3252,SU:1830,,,,,,,bmse000517,GISSMO,bmse000517
SA:3253,SU:1480,,,,,,,bmse000265,GISSMO,bmse000265
SA:3254,SU:915,,,,,,,bmse000503,GISSMO,bmse000503
SA:3255,SU:958,,,,,,,bmse000259,GISSMO,bmse000259
SA:3256,SU:769,,,,,,,bmse001147,GISSMO,bmse001147
SA:3257,SU:937,,,,,,,bmse000488,GISSMO,bmse000488
SA:3258,SU:739,,,,,,,bmse000463,GISSMO,bmse000463
SA:3259,SU:1980,,,,,,,bmse000305,GISSMO,bmse000305
SA:3260,SU:57,,,,,,,bmse000311,GISSMO,bmse000311
SA:3261,SU:231,,,,,,,bmse000339,GISSMO,bmse000339
SA:3262,SU:1708,,,,,,,bmse000846,GISSMO,bmse000846
SA:3263,SU:162,,,,,,,bmse000107,GISSMO,bmse000107
SA:3264,SU:1724,,,,,,,bmse000661,GISSMO,bmse000661
SA:3265,SU:385,,,,,,,bmse000675,GISSMO,bmse000675
SA:3266,SU:1981,,,,,,,bmse000113,GISSMO,bmse000113
SA:3267,SU:666,,,,,,,bmse000105,GISSMO,bmse000105
SA:3268,SU:571,,,,,,,bmse000111,GISSMO,bmse000111
SA:3269,SU:1301,,,,,,,bmse000677,GISSMO,bmse000677
SA:3270,SU:1921,,,,,,,bmse000844,GISSMO,bmse000844
SA:3271,SU:1962,,,,,,,bmse000688,GISSMO,bmse000688
SA:3272,SU:1676,,,,,,,bmse000878,GISSMO,bmse000878
SA:3273,SU:1,,,,,,,bmse000449,GISSMO,bmse000449
SA:3274,SU:1894,,,,,,,bmse000307,GISSMO,bmse000307
SA:3275,SU:1459,,,,,,,bmse000461,GISSMO,bmse000461
SA:3276,SU:430,,,,,,,bmse000475,GISSMO,bmse000475
SA:3277,SU:1947,,,,,,,bmse001151,GISSMO,bmse001151
SA:3278,SU:936,,,,,,,bmse000273,GISSMO,bmse000273
SA:3279,SU:790,,,,,,,bmse001179,GISSMO,bmse001179
SA:3280,SU:1743,,,,,,,bmse000267,GISSMO,bmse000267
SA:3281,SU:1914,,,,,,,bmse001192,GISSMO,bmse001192
SA:3282,SU:1605,,,,,,,bmse000703,GISSMO,bmse000703
SA:3283,SU:11,,,,,,,bmse000930,GISSMO,bmse000930
SA:3284,SU:159,,,,,,,bmse000918,GISSMO,bmse000918
SA:3285,SU:264,,,,,,,bmse000919,GISSMO,bmse000919
SA:3286,SU:1785,,,,,,,bmse000925,GISSMO,bmse000925
SA:3287,SU:125,,,,,,,bmse000064,GISSMO,bmse000064
SA:3288,SU:1950,,,,,,,bmse000070,GISSMO,bmse000070
SA:3289,SU:1441,,,,,,,bmse000058,GISSMO,bmse000058
SA:3290,SU:1742,,,,,,,bmse001187,GISSMO,bmse001187
SA:3291,SU:1982,,,,,,,bmse000299,GISSMO,bmse000299
SA:3292,SU:1550,,,,,,,bmse000514,GISSMO,bmse000514
SA:3293,SU:1771,,,,,,,bmse001144,GISSMO,bmse001144
SA:3294,SU:1912,,,,,,,bmse001150,GISSMO,bmse001150
SA:3295,SU:1818,,,,,,,bmse000312,GISSMO,bmse000312
SA:3296,SU:1488,,,,,,,bmse000460,GISSMO,bmse000460
SA:3297,SU:843,,,,,,,bmse000448,GISSMO,bmse000448
SA:3298,SU:487,,,,,,,bmse000879,GISSMO,bmse000879
SA:3299,SU:1924,,,,,,,bmse000689,GISSMO,bmse000689
SA:3300,SU:1983,,,,,,,bmse000845,GISSMO,bmse000845
SA:3301,SU:583,,,,,,,bmse000110,GISSMO,bmse000110
SA:3302,SU:1422,,,,,,,bmse000676,GISSMO,bmse000676
SA:3303,SU:1447,,,,,,,bmse000662,GISSMO,bmse000662
SA:3304,SU:569,,,,,,,bmse000104,GISSMO,bmse000104
SA:3305,SU:785,,,,,,,bmse000100,GISSMO,bmse000100
SA:3306,SU:1720,,,,,,,bmse000666,GISSMO,bmse000666
SA:3307,SU:1957,,,,,,,bmse000672,GISSMO,bmse000672
SA:3308,SU:790,,,,,,,bmse000114,GISSMO,bmse000114
SA:3309,SU:181,,,,,,,bmse000128,GISSMO,bmse000128
SA:3310,SU:1703,,,,,,,bmse000841,GISSMO,bmse000841
SA:3311,SU:1491,,,,,,,bmse000699,GISSMO,bmse000699
SA:3312,SU:1756,,,,,,,bmse000464,GISSMO,bmse000464
SA:3313,SU:1984,,,,,,,bmse000302,GISSMO,bmse000302
SA:3314,SU:42,,,,,,,bmse000316,GISSMO,bmse000316
SA:3315,SU:616,,,,,,,bmse000458,GISSMO,bmse000458
SA:3316,SU:87,,,,,,,bmse000276,GISSMO,bmse000276
SA:3317,SU:348,,,,,,,bmse000262,GISSMO,bmse000262
SA:3318,SU:1343,,,,,,,bmse001154,GISSMO,bmse001154
SA:3319,SU:1090,,,,,,,bmse000538,GISSMO,bmse000538
SA:3320,SU:1705,,,,,,,bmse001197,GISSMO,bmse001197
SA:3321,SU:1985,,,,,,,bmse000074,GISSMO,bmse000074
SA:3322,SU:1879,,,,,,,bmse000706,GISSMO,bmse000706
SA:3323,SU:21,,,,,,,bmse000060,GISSMO,bmse000060
SA:3324,SU:111,,,,,,,bmse000048,GISSMO,bmse000048
SA:3325,SU:46,,,,,,,bmse000909,GISSMO,bmse000909
SA:3326,SU:95,,,,,,,bmse000921,GISSMO,bmse000921
SA:3327,SU:100,,,,,,,bmse000049,GISSMO,bmse000049
SA:3328,SU:1849,,,,,,,bmse000707,GISSMO,bmse000707
SA:3329,SU:30,,,,,,,bmse000061,GISSMO,bmse000061
SA:3330,SU:1342,,,,,,,bmse001182,GISSMO,bmse001182
SA:3331,SU:1677,,,,,,,bmse001196,GISSMO,bmse001196
SA:3332,SU:148,,,,,,,bmse000288,GISSMO,bmse000288
SA:3333,SU:641,,,,,,,bmse001141,GISSMO,bmse001141
SA:3334,SU:1646,,,,,,,bmse000539,GISSMO,bmse000539
SA:3335,SU:1181,,,,,,,bmse000505,GISSMO,bmse000505
SA:3336,SU:471,,,,,,,bmse000459,GISSMO,bmse000459
SA:3337,SU:67,,,,,,,bmse000471,GISSMO,bmse000471
SA:3338,SU:1730,,,,,,,bmse000465,GISSMO,bmse000465
SA:3339,SU:1615,,,,,,,bmse000303,GISSMO,bmse000303
SA:3340,SU:271,,,,,,,bmse000854,GISSMO,bmse000854
SA:3341,SU:1684,,,,,,,bmse000840,GISSMO,bmse000840
SA:3342,SU:460,,,,,,,bmse000868,GISSMO,bmse000868
SA:3343,SU:1445,,,,,,,bmse000897,GISSMO,bmse000897
SA:3344,SU:1412,,,,,,,bmse000673,GISSMO,bmse000673
SA:3345,SU:12,,,,,,,bmse000101,GISSMO,bmse000101
SA:3346,SU:128,,,,,,,bmse000103,GISSMO,bmse000103
SA:3347,SU:1280,,,,,,,bmse000659,GISSMO,bmse000659
SA:3348,SU:1913,,,,,,,bmse000881,GISSMO,bmse000881
SA:3349,SU:77,,,,,,,bmse000856,GISSMO,bmse000856
SA:3350,SU:233,,,,,,,bmse000842,GISSMO,bmse000842
SA:3351,SU:845,,,,,,,bmse000473,GISSMO,bmse000473
SA:3352,SU:1483,,,,,,,bmse000467,GISSMO,bmse000467
SA:3353,SU:535,,,,,,,bmse000329,GISSMO,bmse000329
SA:3354,SU:1552,,,,,,,bmse000513,GISSMO,bmse000513
SA:3355,SU:988,,,,,,,bmse001157,GISSMO,bmse001157
SA:3356,SU:1682,,,,,,,bmse000249,GISSMO,bmse000249
SA:3357,SU:1214,,,,,,,bmse001194,GISSMO,bmse001194
SA:3358,SU:560,,,,,,,bmse000063,GISSMO,bmse000063
SA:3359,SU:45,,,,,,,bmse000705,GISSMO,bmse000705
SA:3360,SU:264,,,,,,,bmse000711,GISSMO,bmse000711
SA:3361,SU:516,,,,,,,bmse000077,GISSMO,bmse000077
SA:3362,SU:1883,,,,,,,bmse000739,GISSMO,bmse000739
SA:3363,SU:128,,,,,,,bmse000922,GISSMO,bmse000922
SA:3364,SU:560,,,,,,,bmse000936,GISSMO,bmse000936
SA:3365,SU:70,,,,,,,bmse000089,GISSMO,bmse000089
SA:3366,SU:153,,,,,,,bmse000923,GISSMO,bmse000923
SA:3367,SU:1851,,,,,,,bmse000738,GISSMO,bmse000738
SA:3368,SU:56,,,,,,,bmse000076,GISSMO,bmse000076
SA:3369,SU:1918,,,,,,,bmse001195,GISSMO,bmse001195
SA:3370,SU:935,,,,,,,bmse001181,GISSMO,bmse001181
SA:3371,SU:1709,,,,,,,bmse000248,GISSMO,bmse000248
SA:3372,SU:1948,,,,,,,bmse001156,GISSMO,bmse001156
SA:3373,SU:867,,,,,,,bmse001142,GISSMO,bmse001142
SA:3374,SU:145,,,,,,,bmse000274,GISSMO,bmse000274
SA:3375,SU:1323,,,,,,,bmse000506,GISSMO,bmse000506
SA:3376,SU:614,,,,,,,bmse000328,GISSMO,bmse000328
SA:3377,SU:625,,,,,,,bmse000300,GISSMO,bmse000300
SA:3378,SU:1463,,,,,,,bmse000466,GISSMO,bmse000466
SA:3379,SU:1916,,,,,,,bmse000843,GISSMO,bmse000843
SA:3380,SU:26,,,,,,,bmse000857,GISSMO,bmse000857
SA:3381,SU:409,,,,,,,bmse000658,GISSMO,bmse000658
SA:3382,SU:1857,,,,,,,bmse000102,GISSMO,bmse000102
SA:3383,SU:1660,,,,,,,bmse000670,GISSMO,bmse000670
SA:3384,SU:1484,,,,,,,bmse000655,GISSMO,bmse000655
SA:3385,SU:1868,,,,,,,bmse000133,GISSMO,bmse000133
SA:3386,SU:177,,,,,,,bmse000127,GISSMO,bmse000127
SA:3387,SU:17,,,,,,,bmse000641,GISSMO,bmse000641
SA:3388,SU:264,,,,,,,bmse000899,GISSMO,bmse000899
SA:3389,SU:2,,,,,,,bmse000872,GISSMO,bmse000872
SA:3390,SU:103,,,,,,,bmse000866,GISSMO,bmse000866
SA:3391,SU:1070,,,,,,,bmse000696,GISSMO,bmse000696
SA:3392,SU:229,,,,,,,bmse000682,GISSMO,bmse000682
SA:3393,SU:1986,,,,,,,bmse000319,GISSMO,bmse000319
SA:3394,SU:1908,,,,,,,bmse000331,GISSMO,bmse000331
SA:3395,SU:246,,,,,,,bmse000457,GISSMO,bmse000457
SA:3396,SU:245,,,,,,,bmse000443,GISSMO,bmse000443
SA:3397,SU:3,,,,,,,bmse000325,GISSMO,bmse000325
SA:3398,SU:913,,,,,,,bmse001167,GISSMO,bmse001167
SA:3399,SU:183,,,,,,,bmse000279,GISSMO,bmse000279
SA:3400,SU:1744,,,,,,,bmse001173,GISSMO,bmse001173
SA:3401,SU:65,,,,,,,bmse000245,GISSMO,bmse000245
SA:3402,SU:1631,,,,,,,bmse000537,GISSMO,bmse000537
SA:3403,SU:1277,,,,,,,bmse000286,GISSMO,bmse000286
SA:3404,SU:1674,,,,,,,bmse001198,GISSMO,bmse001198
SA:3405,SU:637,,,,,,,bmse000709,GISSMO,bmse000709
SA:3406,SU:97,,,,,,,bmse000047,GISSMO,bmse000047
SA:3407,SU:822,,,,,,,bmse000906,GISSMO,bmse000906
SA:3408,SU:101,,,,,,,bmse000912,GISSMO,bmse000912
SA:3409,SU:299,,,,,,,bmse000084,GISSMO,bmse000084
SA:3410,SU:78,,,,,,,bmse000090,GISSMO,bmse000090
SA:3411,SU:79,,,,,,,bmse000091,GISSMO,bmse000091
SA:3412,SU:86,,,,,,,bmse000913,GISSMO,bmse000913
SA:3413,SU:434,,,,,,,bmse000052,GISSMO,bmse000052
SA:3414,SU:1643,,,,,,,bmse000734,GISSMO,bmse000734
SA:3415,SU:1987,,,,,,,bmse000046,GISSMO,bmse000046
SA:3416,SU:811,,,,,,,bmse000708,GISSMO,bmse000708
SA:3417,SU:753,,,,,,,bmse000293,GISSMO,bmse000293
SA:3418,SU:127,,,,,,,bmse000287,GISSMO,bmse000287
SA:3419,SU:1609,,,,,,,bmse000536,GISSMO,bmse000536
SA:3420,SU:168,,,,,,,bmse000244,GISSMO,bmse000244
SA:3421,SU:695,,,,,,,bmse001166,GISSMO,bmse001166
SA:3422,SU:1398,,,,,,,bmse000481,GISSMO,bmse000481
SA:3423,SU:331,,,,,,,bmse000442,GISSMO,bmse000442
SA:3424,SU:755,,,,,,,bmse000324,GISSMO,bmse000324
SA:3425,SU:294,,,,,,,bmse000330,GISSMO,bmse000330
SA:3426,SU:1220,,,,,,,bmse000318,GISSMO,bmse000318
SA:3427,SU:111,,,,,,,bmse000867,GISSMO,bmse000867
SA:3428,SU:28,,,,,,,bmse000873,GISSMO,bmse000873
SA:3429,SU:1698,,,,,,,bmse000640,GISSMO,bmse000640
SA:3430,SU:1462,,,,,,,bmse000654,GISSMO,bmse000654
SA:3431,SU:66,,,,,,,bmse000132,GISSMO,bmse000132
SA:3432,SU:1734,,,,,,,bmse000668,GISSMO,bmse000668
SA:3433,SU:157,,,,,,,bmse000118,GISSMO,bmse000118
SA:3434,SU:461,,,,,,,bmse000124,GISSMO,bmse000124
SA:3435,SU:559,,,,,,,bmse000130,GISSMO,bmse000130
SA:3436,SU:64,,,,,,,bmse000871,GISSMO,bmse000871
SA:3437,SU:100,,,,,,,bmse000859,GISSMO,bmse000859
SA:3438,SU:1046,,,,,,,bmse000681,GISSMO,bmse000681
SA:3439,SU:965,,,,,,,bmse000695,GISSMO,bmse000695
SA:3440,SU:862,,,,,,,bmse000468,GISSMO,bmse000468
SA:3441,SU:1619,,,,,,,bmse001010,GISSMO,bmse001010
SA:3442,SU:90,,,,,,,bmse000326,GISSMO,bmse000326
SA:3443,SU:1956,,,,,,,bmse000440,GISSMO,bmse000440
SA:3444,SU:541,,,,,,,bmse000454,GISSMO,bmse000454
SA:3445,SU:1676,,,,,,,bmse000483,GISSMO,bmse000483
SA:3446,SU:725,,,,,,,bmse000508,GISSMO,bmse000508
SA:3447,SU:644,,,,,,,bmse000252,GISSMO,bmse000252
SA:3448,SU:1799,,,,,,,bmse000520,GISSMO,bmse000520
SA:3449,SU:1944,,,,,,,bmse001158,GISSMO,bmse001158
SA:3450,SU:20,,,,,,,bmse000246,GISSMO,bmse000246
SA:3451,SU:1478,,,,,,,bmse000291,GISSMO,bmse000291
SA:3452,SU:58,,,,,,,bmse000285,GISSMO,bmse000285
SA:3453,SU:40,,,,,,,bmse000078,GISSMO,bmse000078
SA:3454,SU:1988,,,,,,,bmse000736,GISSMO,bmse000736
SA:3455,SU:460,,,,,,,bmse000050,GISSMO,bmse000050
SA:3456,SU:341,,,,,,,bmse000044,GISSMO,bmse000044
SA:3457,SU:1821,,,,,,,bmse000722,GISSMO,bmse000722
SA:3458,SU:232,,,,,,,bmse000905,GISSMO,bmse000905
SA:3459,SU:599,,,,,,,bmse000093,GISSMO,bmse000093
SA:3460,SU:256,,,,,,,bmse000092,GISSMO,bmse000092
SA:3461,SU:1628,,,,,,,bmse000904,GISSMO,bmse000904
SA:3462,SU:95,,,,,,,bmse000045,GISSMO,bmse000045
SA:3463,SU:1809,,,,,,,bmse000723,GISSMO,bmse000723
SA:3464,SU:94,,,,,,,bmse000051,GISSMO,bmse000051
SA:3465,SU:574,,,,,,,bmse000079,GISSMO,bmse000079
SA:3466,SU:1702,,,,,,,bmse000284,GISSMO,bmse000284
SA:3467,SU:140,,,,,,,bmse000290,GISSMO,bmse000290
SA:3468,SU:1833,,,,,,,bmse000521,GISSMO,bmse000521
SA:3469,SU:1915,,,,,,,bmse001159,GISSMO,bmse001159
SA:3470,SU:1736,,,,,,,bmse000496,GISSMO,bmse000496
SA:3471,SU:13,,,,,,,bmse000455,GISSMO,bmse000455
SA:3472,SU:17,,,,,,,bmse000333,GISSMO,bmse000333
SA:3473,SU:848,,,,,,,bmse000327,GISSMO,bmse000327
SA:3474,SU:1934,,,,,,,bmse000441,GISSMO,bmse000441
SA:3475,SU:1758,,,,,,,bmse000694,GISSMO,bmse000694
SA:3476,SU:224,,,,,,,bmse000680,GISSMO,bmse000680
SA:3477,SU:448,,,,,,,bmse000858,GISSMO,bmse000858
SA:3478,SU:186,,,,,,,bmse000870,GISSMO,bmse000870
SA:3479,SU:180,,,,,,,bmse000864,GISSMO,bmse000864
SA:3480,SU:587,,,,,,,bmse000131,GISSMO,bmse000131
SA:3481,SU:159,,,,,,,bmse000119,GISSMO,bmse000119
SA:3482,SU:785,,,,,,,bmse000121,GISSMO,bmse000121
SA:3483,SU:481,,,,,,,bmse000647,GISSMO,bmse000647
SA:3484,SU:1460,,,,,,,bmse000653,GISSMO,bmse000653
SA:3485,SU:1791,,,,,,,bmse001203,GISSMO,bmse001203
SA:3486,SU:556,,,,,,,bmse000109,GISSMO,bmse000109
SA:3487,SU:1989,,,,,,,bmse000684,GISSMO,bmse000684
SA:3488,SU:1711,,,,,,,bmse000848,GISSMO,bmse000848
SA:3489,SU:1494,,,,,,,bmse000690,GISSMO,bmse000690
SA:3490,SU:434,,,,,,,bmse000860,GISSMO,bmse000860
SA:3491,SU:1669,,,,,,,bmse000445,GISSMO,bmse000445
SA:3492,SU:1813,,,,,,,bmse000323,GISSMO,bmse000323
SA:3493,SU:14,,,,,,,bmse000337,GISSMO,bmse000337
SA:3494,SU:1990,,,,,,,bmse001029,GISSMO,bmse001029
SA:3495,SU:1928,,,,,,,bmse000479,GISSMO,bmse000479
SA:3496,SU:251,,,,,,,bmse000486,GISSMO,bmse000486
SA:3497,SU:1224,,,,,,,bmse000531,GISSMO,bmse000531
SA:3498,SU:186,,,,,,,bmse000243,GISSMO,bmse000243
SA:3499,SU:629,,,,,,,bmse000294,GISSMO,bmse000294
SA:3500,SU:173,,,,,,,bmse000280,GISSMO,bmse000280
SA:3501,SU:565,,,,,,,bmse000727,GISSMO,bmse000727
SA:3502,SU:103,,,,,,,bmse000041,GISSMO,bmse000041
SA:3503,SU:1430,,,,,,,bmse000069,GISSMO,bmse000069
SA:3504,SU:577,,,,,,,bmse000096,GISSMO,bmse000096
SA:3505,SU:1534,,,,,,,bmse000928,GISSMO,bmse000928
SA:3506,SU:109,,,,,,,bmse000914,GISSMO,bmse000914
SA:3507,SU:95,,,,,,,bmse000900,GISSMO,bmse000900
SA:3508,SU:128,,,,,,,bmse000901,GISSMO,bmse000901
SA:3509,SU:341,,,,,,,bmse000915,GISSMO,bmse000915
SA:3510,SU:80,,,,,,,bmse000083,GISSMO,bmse000083
SA:3511,SU:367,,,,,,,bmse000097,GISSMO,bmse000097
SA:3512,SU:15,,,,,,,bmse000929,GISSMO,bmse000929
SA:3513,SU:1549,,,,,,,bmse000726,GISSMO,bmse000726
SA:3514,SU:354,,,,,,,bmse000040,GISSMO,bmse000040
SA:3515,SU:1598,,,,,,,bmse000732,GISSMO,bmse000732
SA:3516,SU:553,,,,,,,bmse000281,GISSMO,bmse000281
SA:3517,SU:1794,,,,,,,bmse000518,GISSMO,bmse000518
SA:3518,SU:802,,,,,,,bmse001174,GISSMO,bmse001174
SA:3519,SU:1951,,,,,,,bmse000242,GISSMO,bmse000242
SA:3520,SU:1510,,,,,,,bmse000524,GISSMO,bmse000524
SA:3521,SU:1346,,,,,,,bmse001148,GISSMO,bmse001148
SA:3522,SU:1903,,,,,,,bmse000336,GISSMO,bmse000336
SA:3523,SU:1448,,,,,,,bmse000450,GISSMO,bmse000450
SA:3524,SU:1186,,,,,,,bmse000444,GISSMO,bmse000444
SA:3525,SU:108,,,,,,,bmse000322,GISSMO,bmse000322
SA:3526,SU:114,,,,,,,bmse000875,GISSMO,bmse000875
SA:3527,SU:21,,,,,,,bmse000861,GISSMO,bmse000861
SA:3528,SU:886,,,,,,,bmse000691,GISSMO,bmse000691
SA:3529,SU:970,,,,,,,bmse000108,GISSMO,bmse000108
SA:3530,SU:1872,,,,,,,bmse000134,GISSMO,bmse000134
SA:3531,SU:154,,,,,,,bmse000120,GISSMO,bmse000120
SA:3532,SU:1657,,,,,,,bmse000646,GISSMO,bmse000646
SA:3533,SU:1694,,,,,,,bmse000678,GISSMO,bmse000678
SA:3534,SU:1532,,,,,,,bmse001200,GISSMO,bmse001200
SA:3535,SU:1765,,,,,,,bmse000693,GISSMO,bmse000693
SA:3536,SU:1938,,,,,,,bmse000687,GISSMO,bmse000687
SA:3537,SU:1716,,,,,,,bmse000877,GISSMO,bmse000877
SA:3538,SU:154,,,,,,,bmse000863,GISSMO,bmse000863
SA:3539,SU:478,,,,,,,bmse000452,GISSMO,bmse000452
SA:3540,SU:1585,,,,,,,bmse000334,GISSMO,bmse000334
SA:3541,SU:7,,,,,,,bmse000320,GISSMO,bmse000320
SA:3542,SU:408,,,,,,,bmse000446,GISSMO,bmse000446
SA:3543,SU:136,,,,,,,bmse000308,GISSMO,bmse000308
SA:3544,SU:1836,,,,,,,bmse000526,GISSMO,bmse000526
SA:3545,SU:1852,,,,,,,bmse000532,GISSMO,bmse000532
SA:3546,SU:1680,,,,,,,bmse001162,GISSMO,bmse001162
SA:3547,SU:911,,,,,,,bmse001176,GISSMO,bmse001176
SA:3548,SU:138,,,,,,,bmse000283,GISSMO,bmse000283
SA:3549,SU:63,,,,,,,bmse000297,GISSMO,bmse000297
SA:3550,SU:1748,,,,,,,bmse001189,GISSMO,bmse001189
SA:3551,SU:334,,,,,,,bmse000042,GISSMO,bmse000042
SA:3552,SU:702,,,,,,,bmse000730,GISSMO,bmse000730
SA:3553,SU:1518,,,,,,,bmse000718,GISSMO,bmse000718
SA:3554,SU:785,,,,,,,bmse000095,GISSMO,bmse000095
SA:3555,SU:499,,,,,,,bmse000917,GISSMO,bmse000917
SA:3556,SU:547,,,,,,,bmse000916,GISSMO,bmse000916
SA:3557,SU:93,,,,,,,bmse000094,GISSMO,bmse000094
SA:3558,SU:1713,,,,,,,bmse000080,GISSMO,bmse000080
SA:3559,SU:1846,,,,,,,bmse000731,GISSMO,bmse000731
SA:3560,SU:109,,,,,,,bmse000043,GISSMO,bmse000043
SA:3561,SU:1831,,,,,,,bmse000725,GISSMO,bmse000725
SA:3562,SU:1681,,,,,,,bmse000282,GISSMO,bmse000282
SA:3563,SU:533,,,,,,,bmse000269,GISSMO,bmse000269
SA:3564,SU:1062,,,,,,,bmse000527,GISSMO,bmse000527
SA:3565,SU:55,,,,,,,bmse000241,GISSMO,bmse000241
SA:3566,SU:1899,,,,,,,bmse000309,GISSMO,bmse000309
SA:3567,SU:566,,,,,,,bmse000321,GISSMO,bmse000321
SA:3568,SU:879,,,,,,,bmse000447,GISSMO,bmse000447
SA:3569,SU:1723,,,,,,,bmse000453,GISSMO,bmse000453
SA:3570,SU:203,,,,,,,bmse000335,GISSMO,bmse000335
SA:3571,SU:556,,,,,,,bmse000862,GISSMO,bmse000862
SA:3572,SU:1719,,,,,,,bmse000692,GISSMO,bmse000692
SA:3573,SU:1655,,,,,,,bmse000679,GISSMO,bmse000679
SA:3574,SU:1069,,,,,,,bmse000645,GISSMO,bmse000645
SA:3575,SU:357,,,,,,,bmse000123,GISSMO,bmse000123
SA:3576,SU:705,,,,,,,bmse000137,GISSMO,bmse000137
SA:3577,SU:1991,,,,,,,bmse000178,GISSMO,bmse000178
SA:3578,SU:692,,,,,,,bmse000150,GISSMO,bmse000150
SA:3579,SU:409,,,,,,,bmse000636,GISSMO,bmse000636
SA:3580,SU:1712,,,,,,,bmse000622,GISSMO,bmse000622
SA:3581,SU:634,,,,,,,bmse000144,GISSMO,bmse000144
SA:3582,SU:1842,,,,,,,bmse000193,GISSMO,bmse000193
SA:3583,SU:182,,,,,,,bmse000187,GISSMO,bmse000187
SA:3584,SU:350,,,,,,,bmse000408,GISSMO,bmse000408
SA:3585,SU:441,,,,,,,bmse000434,GISSMO,bmse000434
SA:3586,SU:1837,,,,,,,bmse000352,GISSMO,bmse000352
SA:3587,SU:1679,,,,,,,bmse000420,GISSMO,bmse000420
SA:3588,SU:709,,,,,,,bmse000391,GISSMO,bmse000391
SA:3589,SU:474,,,,,,,bmse000385,GISSMO,bmse000385
SA:3590,SU:1930,,,,,,,bmse001104,GISSMO,bmse001104
SA:3591,SU:1049,,,,,,,bmse000568,GISSMO,bmse000568
SA:3592,SU:1580,,,,,,,bmse000540,GISSMO,bmse000540
SA:3593,SU:1595,,,,,,,bmse000554,GISSMO,bmse000554
SA:3594,SU:256,,,,,,,bmse000583,GISSMO,bmse000583
SA:3595,SU:971,,,,,,,bmse000597,GISSMO,bmse000597
SA:3596,SU:1536,,,,,,,bmse000742,GISSMO,bmse000742
SA:3597,SU:101,,,,,,,bmse000030,GISSMO,bmse000030
SA:3598,SU:1578,,,,,,,bmse000781,GISSMO,bmse000781
SA:3599,SU:1591,,,,,,,bmse000795,GISSMO,bmse000795
SA:3600,SU:1621,,,,,,,bmse000794,GISSMO,bmse000794
SA:3601,SU:1526,,,,,,,bmse000780,GISSMO,bmse000780
SA:3602,SU:160,,,,,,,bmse000757,GISSMO,bmse000757
SA:3603,SU:114,,,,,,,bmse000031,GISSMO,bmse000031
SA:3604,SU:1935,,,,,,,bmse000025,GISSMO,bmse000025
SA:3605,SU:594,,,,,,,bmse000743,GISSMO,bmse000743
SA:3606,SU:1445,,,,,,,bmse000019,GISSMO,bmse000019
SA:3607,SU:958,,,,,,,bmse000582,GISSMO,bmse000582
SA:3608,SU:18,,,,,,,bmse000227,GISSMO,bmse000227
SA:3609,SU:75,,,,,,,bmse000384,GISSMO,bmse000384
SA:3610,SU:1992,,,,,,,bmse000390,GISSMO,bmse000390
SA:3611,SU:759,,,,,,,bmse000347,GISSMO,bmse000347
SA:3612,SU:1706,,,,,,,bmse000421,GISSMO,bmse000421
SA:3613,SU:296,,,,,,,bmse000435,GISSMO,bmse000435
SA:3614,SU:325,,,,,,,bmse000409,GISSMO,bmse000409
SA:3615,SU:1673,,,,,,,bmse000623,GISSMO,bmse000623
SA:3616,SU:1993,,,,,,,bmse000145,GISSMO,bmse000145
SA:3617,SU:872,,,,,,,bmse000637,GISSMO,bmse000637
SA:3618,SU:146,,,,,,,bmse000179,GISSMO,bmse000179
SA:3619,SU:1444,,,,,,,bmse000609,GISSMO,bmse000609
SA:3620,SU:1502,,,,,,,bmse000147,GISSMO,bmse000147
SA:3621,SU:1946,,,,,,,bmse000621,GISSMO,bmse000621
SA:3622,SU:1994,,,,,,,bmse000635,GISSMO,bmse000635
SA:3623,SU:1632,,,,,,,bmse000153,GISSMO,bmse000153
SA:3624,SU:77,,,,,,,bmse000184,GISSMO,bmse000184
SA:3625,SU:54,,,,,,,bmse000190,GISSMO,bmse000190
SA:3626,SU:1208,,,,,,,bmse000379,GISSMO,bmse000379
SA:3627,SU:406,,,,,,,bmse000423,GISSMO,bmse000423
SA:3628,SU:438,,,,,,,bmse000345,GISSMO,bmse000345
SA:3629,SU:269,,,,,,,bmse000351,GISSMO,bmse000351
SA:3630,SU:1780,,,,,,,bmse000437,GISSMO,bmse000437
SA:3631,SU:337,,,,,,,bmse000386,GISSMO,bmse000386
SA:3632,SU:877,,,,,,,bmse000392,GISSMO,bmse000392
SA:3633,SU:1869,,,,,,,bmse000557,GISSMO,bmse000557
SA:3634,SU:1995,,,,,,,bmse000225,GISSMO,bmse000225
SA:3635,SU:1220,,,,,,,bmse000594,GISSMO,bmse000594
SA:3636,SU:1455,,,,,,,bmse000033,GISSMO,bmse000033
SA:3637,SU:1792,,,,,,,bmse000741,GISSMO,bmse000741
SA:3638,SU:852,,,,,,,bmse000972,GISSMO,bmse000972
SA:3639,SU:357,,,,,,,bmse000966,GISSMO,bmse000966
SA:3640,SU:35,,,,,,,bmse000967,GISSMO,bmse000967
SA:3641,SU:1546,,,,,,,bmse000973,GISSMO,bmse000973
SA:3642,SU:1811,,,,,,,bmse000740,GISSMO,bmse000740
SA:3643,SU:448,,,,,,,bmse000032,GISSMO,bmse000032
SA:3644,SU:1858,,,,,,,bmse000754,GISSMO,bmse000754
SA:3645,SU:1586,,,,,,,bmse000768,GISSMO,bmse000768
SA:3646,SU:260,,,,,,,bmse000581,GISSMO,bmse000581
SA:3647,SU:1863,,,,,,,bmse000595,GISSMO,bmse000595
SA:3648,SU:450,,,,,,,bmse000224,GISSMO,bmse000224
SA:3649,SU:1897,,,,,,,bmse000556,GISSMO,bmse000556
SA:3650,SU:88,,,,,,,bmse000230,GISSMO,bmse000230
SA:3651,SU:1688,,,,,,,bmse001106,GISSMO,bmse001106
SA:3652,SU:696,,,,,,,bmse000350,GISSMO,bmse000350
SA:3653,SU:1479,,,,,,,bmse000422,GISSMO,bmse000422
SA:3654,SU:846,,,,,,,bmse000344,GISSMO,bmse000344
SA:3655,SU:439,,,,,,,bmse000378,GISSMO,bmse000378
SA:3656,SU:26,,,,,,,bmse000191,GISSMO,bmse000191
SA:3657,SU:72,,,,,,,bmse000185,GISSMO,bmse000185
SA:3658,SU:1197,,,,,,,bmse000634,GISSMO,bmse000634
SA:3659,SU:431,,,,,,,bmse000152,GISSMO,bmse000152
SA:3660,SU:1564,,,,,,,bmse000146,GISSMO,bmse000146
SA:3661,SU:747,,,,,,,bmse000620,GISSMO,bmse000620
SA:3662,SU:1675,,,,,,,bmse000624,GISSMO,bmse000624
SA:3663,SU:1834,,,,,,,bmse000142,GISSMO,bmse000142
SA:3664,SU:1996,,,,,,,bmse000156,GISSMO,bmse000156
SA:3665,SU:472,,,,,,,bmse000618,GISSMO,bmse000618
SA:3666,SU:828,,,,,,,bmse000195,GISSMO,bmse000195
SA:3667,SU:64,,,,,,,bmse000340,GISSMO,bmse000340
SA:3668,SU:457,,,,,,,bmse000426,GISSMO,bmse000426
SA:3669,SU:458,,,,,,,bmse000432,GISSMO,bmse000432
SA:3670,SU:421,,,,,,,bmse000354,GISSMO,bmse000354
SA:3671,SU:1651,,,,,,,bmse000368,GISSMO,bmse000368
SA:3672,SU:340,,,,,,,bmse000383,GISSMO,bmse000383
SA:3673,SU:1061,,,,,,,bmse000552,GISSMO,bmse000552
SA:3674,SU:126,,,,,,,bmse000220,GISSMO,bmse000220
SA:3675,SU:113,,,,,,,bmse000208,GISSMO,bmse000208
SA:3676,SU:692,,,,,,,bmse000591,GISSMO,bmse000591
SA:3677,SU:1571,,,,,,,bmse000585,GISSMO,bmse000585
SA:3678,SU:1619,,,,,,,bmse000988,GISSMO,bmse000988
SA:3679,SU:1584,,,,,,,bmse000750,GISSMO,bmse000750
SA:3680,SU:427,,,,,,,bmse000744,GISSMO,bmse000744
SA:3681,SU:1523,,,,,,,bmse000787,GISSMO,bmse000787
SA:3682,SU:70,,,,,,,bmse000977,GISSMO,bmse000977
SA:3683,SU:1889,,,,,,,bmse000962,GISSMO,bmse000962
SA:3684,SU:107,,,,,,,bmse000976,GISSMO,bmse000976
SA:3685,SU:951,,,,,,,bmse000786,GISSMO,bmse000786
SA:3686,SU:1789,,,,,,,bmse000779,GISSMO,bmse000779
SA:3687,SU:324,,,,,,,bmse000745,GISSMO,bmse000745
SA:3688,SU:1629,,,,,,,bmse000751,GISSMO,bmse000751
SA:3689,SU:1997,,,,,,,bmse000989,GISSMO,bmse000989
SA:3690,SU:86,,,,,,,bmse000037,GISSMO,bmse000037
SA:3691,SU:1531,,,,,,,bmse000584,GISSMO,bmse000584
SA:3692,SU:133,,,,,,,bmse000590,GISSMO,bmse000590
SA:3693,SU:448,,,,,,,bmse000209,GISSMO,bmse000209
SA:3694,SU:1588,,,,,,,bmse000553,GISSMO,bmse000553
SA:3695,SU:501,,,,,,,bmse000382,GISSMO,bmse000382
SA:3696,SU:1083,,,,,,,bmse000369,GISSMO,bmse000369
SA:3697,SU:697,,,,,,,bmse000433,GISSMO,bmse000433
SA:3698,SU:1233,,,,,,,bmse000355,GISSMO,bmse000355
SA:3699,SU:762,,,,,,,bmse000341,GISSMO,bmse000341
SA:3700,SU:302,,,,,,,bmse000180,GISSMO,bmse000180
SA:3701,SU:1952,,,,,,,bmse000619,GISSMO,bmse000619
SA:3702,SU:387,,,,,,,bmse000157,GISSMO,bmse000157
SA:3703,SU:1442,,,,,,,bmse000631,GISSMO,bmse000631
SA:3704,SU:336,,,,,,,bmse000625,GISSMO,bmse000625
SA:3705,SU:1796,,,,,,,bmse000143,GISSMO,bmse000143
SA:3706,SU:280,,,,,,,bmse000155,GISSMO,bmse000155
SA:3707,SU:866,,,,,,,bmse000169,GISSMO,bmse000169
SA:3708,SU:865,,,,,,,bmse000828,GISSMO,bmse000828
SA:3709,SU:1513,,,,,,,bmse000182,GISSMO,bmse000182
SA:3710,SU:47,,,,,,,bmse000425,GISSMO,bmse000425
SA:3711,SU:971,,,,,,,bmse000343,GISSMO,bmse000343
SA:3712,SU:827,,,,,,,bmse000419,GISSMO,bmse000419
SA:3713,SU:647,,,,,,,bmse000394,GISSMO,bmse000394
SA:3714,SU:1561,,,,,,,bmse000380,GISSMO,bmse000380
SA:3715,SU:519,,,,,,,bmse000223,GISSMO,bmse000223
SA:3716,SU:1055,,,,,,,bmse000545,GISSMO,bmse000545
SA:3717,SU:1721,,,,,,,bmse001129,GISSMO,bmse001129
SA:3718,SU:288,,,,,,,bmse000579,GISSMO,bmse000579
SA:3719,SU:1453,,,,,,,bmse001115,GISSMO,bmse001115
SA:3720,SU:1859,,,,,,,bmse000592,GISSMO,bmse000592
SA:3721,SU:115,,,,,,,bmse000035,GISSMO,bmse000035
SA:3722,SU:1430,,,,,,,bmse000948,GISSMO,bmse000948
SA:3723,SU:286,,,,,,,bmse000975,GISSMO,bmse000975
SA:3724,SU:39,,,,,,,bmse000949,GISSMO,bmse000949
SA:3725,SU:286,,,,,,,bmse000034,GISSMO,bmse000034
SA:3726,SU:374,,,,,,,bmse000746,GISSMO,bmse000746
SA:3727,SU:1660,,,,,,,bmse000593,GISSMO,bmse000593
SA:3728,SU:471,,,,,,,bmse000587,GISSMO,bmse000587
SA:3729,SU:364,,,,,,,bmse001114,GISSMO,bmse001114
SA:3730,SU:297,,,,,,,bmse000578,GISSMO,bmse000578
SA:3731,SU:532,,,,,,,bmse000236,GISSMO,bmse000236
SA:3732,SU:111,,,,,,,bmse000222,GISSMO,bmse000222
SA:3733,SU:1503,,,,,,,bmse000381,GISSMO,bmse000381
SA:3734,SU:1634,,,,,,,bmse000395,GISSMO,bmse000395
SA:3735,SU:872,,,,,,,bmse000418,GISSMO,bmse000418
SA:3736,SU:235,,,,,,,bmse000424,GISSMO,bmse000424
SA:3737,SU:825,,,,,,,bmse000342,GISSMO,bmse000342
SA:3738,SU:496,,,,,,,bmse000356,GISSMO,bmse000356
SA:3739,SU:1775,,,,,,,bmse000430,GISSMO,bmse000430
SA:3740,SU:157,,,,,,,bmse000183,GISSMO,bmse000183
SA:3741,SU:441,,,,,,,bmse000168,GISSMO,bmse000168
SA:3742,SU:870,,,,,,,bmse000626,GISSMO,bmse000626
SA:3743,SU:1750,,,,,,,bmse000632,GISSMO,bmse000632
SA:3744,SU:1638,,,,,,,bmse000154,GISSMO,bmse000154
