,sample_id,frequency,temperature,temperature_units,data_source,real_spectrum_relative_path
SP:3087,SA:3087,499.84,,,xml,"['BMRB/bmrb_metabolomics/bmse000159/nmr/set01/1H.5', 'BMRB/bmrb_metabolomics/bmse000159/nmr/set01/1H_2', 'BMRB/bmrb_metabolomics/bmse000159/nmr/set01/1H']"
SP:3088,SA:3088,499.84,,,xml,['BMRB/bmrb_metabolomics/bmse000617/nmr/set01/1H']
SP:3089,SA:3089,400.13,,,xml,
SP:3090,SA:3090,499.84,,,xml,['BMRB/bmrb_metabolomics/bmse000830/nmr/set01/1H']
SP:3091,SA:3091,499.84,,,xml,"['BMRB/bmrb_metabolomics/bmse000824/nmr/set01/1H.5', 'BMRB/bmrb_metabolomics/bmse000824/nmr/set01/1H_2', 'BMRB/bmrb_metabolomics/bmse000824/nmr/set01/1H', 'BMRB/bmrb_metabolomics/bmse000824/nmr/set01/1H.5_alt_pH', 'BMRB/bmrb_metabolomics/bmse000824/nmr/set01/1H_2_alt_pH', 'BMRB/bmrb_metabolomics/bmse000824/nmr/set01/1H_alt_pH']"
SP:3092,SA:3092,499.84,,,xml,['BMRB/bmrb_metabolomics/bmse000429/nmr/set01/1']
SP:3093,SA:3093,499.84,,,xml,['BMRB/bmrb_metabolomics/bmse000415/nmr/set01/1H']
SP:3094,SA:3094,400.13,,,xml,['BMRB/bmrb_metabolomics/bmse000373/nmr/set01/1H']
SP:3095,SA:3095,499.84,,,xml,['BMRB/bmrb_metabolomics/bmse000367/nmr/set01/1H']
SP:3096,SA:3096,499.84,,,xml,['BMRB/bmrb_metabolomics/bmse000398/nmr/set01/1']
SP:3097,SA:3097,499.84,,,xml,['BMRB/bmrb_metabolomics/bmse001125/nmr/set01/1D_1H']
SP:3098,SA:3098,400.13,,,xml,['BMRB/bmrb_metabolomics/bmse000207/nmr/set01/1H']
SP:3099,SA:3099,499.84,,,xml,['BMRB/bmrb_metabolomics/bmse000039/nmr/set01/1']
SP:3100,SA:3100,499.84,,,xml,"['BMRB/bmrb_metabolomics/bmse000005/nmr/set02/1', 'BMRB/bmrb_metabolomics/bmse000005/nmr/set03/1', 'BMRB/bmrb_metabolomics/bmse000005/nmr/set01/1', 'BMRB/bmrb_metabolomics/bmse000005/nmr/set04/1']"
SP:3101,SA:3101,499.84,,,xml,['BMRB/bmrb_metabolomics/bmse000777/nmr/set01/1H']
SP:3102,SA:3102,499.84,,,xml,['BMRB/bmrb_metabolomics/bmse000944/nmr/set01/1H']
SP:3103,SA:3103,600.13,,,xml,['BMRB/bmrb_metabolomics/bmse000950/nmr/set01/1H']
SP:3104,SA:3104,600.13,,,xml,['BMRB/bmrb_metabolomics/bmse000978/nmr/set01/1H']
SP:3105,SA:3105,600.13,,,xml,['BMRB/bmrb_metabolomics/bmse000979/nmr/set01/1H']
SP:3106,SA:3106,499.84,,,xml,['BMRB/bmrb_metabolomics/bmse000776/nmr/set01/1H']
SP:3107,SA:3107,499.84,,,xml,['BMRB/bmrb_metabolomics/bmse000762/nmr/set01/1']
SP:3108,SA:3108,400.13,,,xml,['BMRB/bmrb_metabolomics/bmse000038/nmr/set01/1']
SP:3109,SA:3109,499.84,,,xml,['BMRB/bmrb_metabolomics/bmse000986/nmr/set01/1H']
SP:3110,SA:3110,400.13,,,xml,['BMRB/bmrb_metabolomics/bmse000212/nmr/set01/1']
SP:3111,SA:3111,499.84,,,xml,['BMRB/bmrb_metabolomics/bmse000574/nmr/set01/1H']
SP:3112,SA:3112,499.84,,,xml,['BMRB/bmrb_metabolomics/bmse000560/nmr/set01/1H']
SP:3113,SA:3113,400.13,,,xml,['BMRB/bmrb_metabolomics/bmse000206/nmr/set01/1H']
SP:3114,SA:3114,400.13,,,xml,['BMRB/bmrb_metabolomics/bmse000548/nmr/set01/1H']
SP:3115,SA:3115,499.84,,,xml,['BMRB/bmrb_metabolomics/bmse001124/nmr/set01/1D_1H']
SP:3116,SA:3116,499.84,,,xml,['BMRB/bmrb_metabolomics/bmse000399/nmr/set01/1H']
SP:3117,SA:3117,499.84,,,xml,['BMRB/bmrb_metabolomics/bmse000400/nmr/set01/1H']
SP:3118,SA:3118,499.84,,,xml,['BMRB/bmrb_metabolomics/bmse000414/nmr/set01/1H']
SP:3119,SA:3119,499.84,,,xml,['BMRB/bmrb_metabolomics/bmse000428/nmr/set01/1']
SP:3120,SA:3120,499.84,,,xml,"['BMRB/bmrb_metabolomics/bmse000825/nmr/set01/1H.5', 'BMRB/bmrb_metabolomics/bmse000825/nmr/set01/1H_2', 'BMRB/bmrb_metabolomics/bmse000825/nmr/set01/1H']"
SP:3121,SA:3121,499.84,,,xml,['BMRB/bmrb_metabolomics/bmse000831/nmr/set01/1H']
SP:3122,SA:3122,499.84,,,xml,['BMRB/bmrb_metabolomics/bmse000602/nmr/set01/1H']
SP:3123,SA:3123,499.84,,,xml,"['BMRB/bmrb_metabolomics/bmse000158/nmr/set02/1', 'BMRB/bmrb_metabolomics/bmse000158/nmr/set03/1', 'BMRB/bmrb_metabolomics/bmse000158/nmr/set01/1']"
SP:3124,SA:3124,400.13,,,xml,['BMRB/bmrb_metabolomics/bmse000166/nmr/set01/1H']
SP:3125,SA:3125,499.84,,,xml,['BMRB/bmrb_metabolomics/bmse000614/nmr/set01/1H']
SP:3126,SA:3126,400.13,,,xml,['BMRB/bmrb_metabolomics/bmse000172/nmr/set01/1H']
SP:3127,SA:3127,400.13,,,xml,['BMRB/bmrb_metabolomics/bmse000199/nmr/set01/1']
SP:3128,SA:3128,499.84,,,xml,['BMRB/bmrb_metabolomics/bmse000358/nmr/set01/1H']
SP:3129,SA:3129,499.84,,,xml,['BMRB/bmrb_metabolomics/bmse000402/nmr/set01/1H']
SP:3130,SA:3130,499.84,,,xml,['BMRB/bmrb_metabolomics/bmse000364/nmr/set01/1H']
SP:3131,SA:3131,400.13,,,xml,['BMRB/bmrb_metabolomics/bmse000238/nmr/set01/1H']
SP:3132,SA:3132,499.84,,,xml,['BMRB/bmrb_metabolomics/bmse000576/nmr/set01/1H']
SP:3133,SA:3133,499.84,,,xml,['BMRB/bmrb_metabolomics/bmse000589/nmr/set01/1H']
SP:3134,SA:3134,499.84,,,xml,['BMRB/bmrb_metabolomics/bmse000990/nmr/set01/1H']
SP:3135,SA:3135,499.84,,,xml,['BMRB/bmrb_metabolomics/bmse000984/nmr/set01/1H']
SP:3136,SA:3136,499.84,,,xml,['BMRB/bmrb_metabolomics/bmse000774/nmr/set01/1H']
SP:3137,SA:3137,499.84,,,xml,['BMRB/bmrb_metabolomics/bmse000760/nmr/set01/1H']
SP:3138,SA:3138,499.84,,,xml,"['BMRB/bmrb_metabolomics/bmse000006/nmr/set01/1H.5', 'BMRB/bmrb_metabolomics/bmse000006/nmr/set01/1H_2', 'BMRB/bmrb_metabolomics/bmse000006/nmr/set01/1H', 'BMRB/bmrb_metabolomics/bmse000006/nmr/set01/1H.5_pH4.13', 'BMRB/bmrb_metabolomics/bmse000006/nmr/set01/1H_2_pH4.13', 'BMRB/bmrb_metabolomics/bmse000006/nmr/set01/1H_pH4.13']"
SP:3139,SA:3139,600.13,,,xml,['BMRB/bmrb_metabolomics/bmse000953/nmr/set01/1H']
SP:3140,SA:3140,600.13,,,xml,['BMRB/bmrb_metabolomics/bmse000947/nmr/set01/1H']
SP:3141,SA:3141,600.13,,,xml,['BMRB/bmrb_metabolomics/bmse000952/nmr/set01/1H']
SP:3142,SA:3142,499.84,,,xml,['BMRB/bmrb_metabolomics/bmse000761/nmr/set01/1H']
SP:3143,SA:3143,400.13,,,xml,['BMRB/bmrb_metabolomics/bmse000007/nmr/set01/1']
SP:3144,SA:3144,499.84,,,xml,['BMRB/bmrb_metabolomics/bmse000775/nmr/set01/1H']
SP:3145,SA:3145,499.84,,,xml,['BMRB/bmrb_metabolomics/bmse000985/nmr/set01/1H']
SP:3146,SA:3146,400.13,,,xml,['BMRB/bmrb_metabolomics/bmse000211/nmr/set01/1H']
SP:3147,SA:3147,400.13,,,xml,['BMRB/bmrb_metabolomics/bmse000239/nmr/set01/1']
SP:3148,SA:3148,499.84,,,xml,['BMRB/bmrb_metabolomics/bmse001133/nmr/set01/1D_1H']
SP:3149,SA:3149,499.84,,,xml,['BMRB/bmrb_metabolomics/bmse000371/nmr/set01/1H']
SP:3150,SA:3150,499.84,,,xml,['BMRB/bmrb_metabolomics/bmse000417/nmr/set01/1H']
SP:3151,SA:3151,499.84,,,xml,['BMRB/bmrb_metabolomics/bmse000403/nmr/set01/1H']
SP:3152,SA:3152,499.84,,,xml,['BMRB/bmrb_metabolomics/bmse000365/nmr/set01/1H']
SP:3153,SA:3153,499.84,,,xml,['BMRB/bmrb_metabolomics/bmse000359/nmr/set01/1H']
SP:3154,SA:3154,499.84,,,xml,"['BMRB/bmrb_metabolomics/bmse000826/nmr/set01/1H.5', 'BMRB/bmrb_metabolomics/bmse000826/nmr/set01/1H_2', 'BMRB/bmrb_metabolomics/bmse000826/nmr/set01/1H']"
SP:3155,SA:3155,499.84,,,xml,['BMRB/bmrb_metabolomics/bmse000615/nmr/set01/1H']
SP:3156,SA:3156,400.13,,,xml,['BMRB/bmrb_metabolomics/bmse000173/nmr/set01/1H']
SP:3157,SA:3157,400.13,,,xml,['BMRB/bmrb_metabolomics/bmse000167/nmr/set01/1H']
SP:3158,SA:3158,499.84,,,xml,['BMRB/bmrb_metabolomics/bmse000601/nmr/set01/1H']
SP:3159,SA:3159,499.84,,,xml,['BMRB/bmrb_metabolomics/bmse000629/nmr/set01/1H']
SP:3160,SA:3160,499.84,,,xml,['BMRB/bmrb_metabolomics/bmse000605/nmr/set01/1H']
SP:3161,SA:3161,400.13,,,xml,['BMRB/bmrb_metabolomics/bmse000177/nmr/set01/1H']
SP:3162,SA:3162,499.84,,,xml,['BMRB/bmrb_metabolomics/bmse000611/nmr/set01/1H']
SP:3163,SA:3163,400.13,,,xml,['BMRB/bmrb_metabolomics/bmse000639/nmr/set01/1H']
SP:3164,SA:3164,400.13,,,xml,['BMRB/bmrb_metabolomics/bmse000361/nmr/set01/1']
SP:3165,SA:3165,499.84,,,xml,['BMRB/bmrb_metabolomics/bmse000407/nmr/set01/1H']
SP:3166,SA:3166,499.84,,,xml,['BMRB/bmrb_metabolomics/bmse000413/nmr/set01/1H']
SP:3167,SA:3167,400.13,,,xml,['BMRB/bmrb_metabolomics/bmse000573/nmr/set01/1H']
SP:3168,SA:3168,499.84,,,xml,['BMRB/bmrb_metabolomics/bmse000567/nmr/set01/1H']
SP:3169,SA:3169,499.84,,,xml,['BMRB/bmrb_metabolomics/bmse000771/nmr/set01/1H']
SP:3170,SA:3170,400.13,,,xml,['BMRB/bmrb_metabolomics/bmse000003/nmr/set01/1H']
SP:3171,SA:3171,499.84,,,xml,['BMRB/bmrb_metabolomics/bmse000765/nmr/set01/1H']
SP:3172,SA:3172,499.84,,,xml,['BMRB/bmrb_metabolomics/bmse000759/nmr/set01/1H']
SP:3173,SA:3173,499.84,,,xml,['BMRB/bmrb_metabolomics/bmse000942/nmr/set01/1H']
SP:3174,SA:3174,499.84,,,xml,['BMRB/bmrb_metabolomics/bmse000943/nmr/set01/1H']
SP:3175,SA:3175,499.84,,,xml,['BMRB/bmrb_metabolomics/bmse000957/nmr/set01/1H_NOESY']
SP:3176,SA:3176,499.84,,,xml,['BMRB/bmrb_metabolomics/bmse000758/nmr/set01/1H']
SP:3177,SA:3177,499.84,,,xml,"['BMRB/bmrb_metabolomics/bmse000002/nmr/set01/1H.5', 'BMRB/bmrb_metabolomics/bmse000002/nmr/set01/1H_2', 'BMRB/bmrb_metabolomics/bmse000002/nmr/set01/1H', 'BMRB/bmrb_metabolomics/bmse000002/nmr/set01/1H_pH9.01']"
SP:3178,SA:3178,400.13,,,xml,['BMRB/bmrb_metabolomics/bmse000599/nmr/set01/1H']
SP:3179,SA:3179,499.84,,,xml,['BMRB/bmrb_metabolomics/bmse001122/nmr/set01/1D_1H']
SP:3180,SA:3180,499.84,,,xml,['BMRB/bmrb_metabolomics/bmse001136/nmr/set01/1D_1H']
SP:3181,SA:3181,400.13,,,xml,['BMRB/bmrb_metabolomics/bmse000200/nmr/set01/1H']
SP:3182,SA:3182,499.84,,,xml,['BMRB/bmrb_metabolomics/bmse000348/nmr/set01/1H']
SP:3183,SA:3183,499.84,,,xml,['BMRB/bmrb_metabolomics/bmse000412/nmr/set01/1H']
SP:3184,SA:3184,400.13,,,xml,['BMRB/bmrb_metabolomics/bmse000360/nmr/set01/1H']
SP:3185,SA:3185,499.84,,,xml,['BMRB/bmrb_metabolomics/bmse000406/nmr/set01/1']
SP:3186,SA:3186,499.84,,,xml,['BMRB/bmrb_metabolomics/bmse000837/nmr/set01/1H']
SP:3187,SA:3187,400.13,,,xml,['BMRB/bmrb_metabolomics/bmse000176/nmr/set01/1H']
SP:3188,SA:3188,400.13,,,xml,['BMRB/bmrb_metabolomics/bmse000610/nmr/set01/1H']
SP:3189,SA:3189,400.13,,,xml,['BMRB/bmrb_metabolomics/bmse000162/nmr/set01/1H']
SP:3190,SA:3190,400.13,,,xml,['BMRB/bmrb_metabolomics/bmse000174/nmr/set01/1H']
SP:3191,SA:3191,400.13,,,xml,['BMRB/bmrb_metabolomics/bmse000160/nmr/set01/1']
SP:3192,SA:3192,499.84,,,xml,['BMRB/bmrb_metabolomics/bmse000606/nmr/set01/1H']
SP:3193,SA:3193,499.84,,,xml,['BMRB/bmrb_metabolomics/bmse001295/nmr/set01/1']
SP:3194,SA:3194,499.84,,,xml,['BMRB/bmrb_metabolomics/bmse000376/nmr/set01/1H']
SP:3195,SA:3195,499.84,,,xml,['BMRB/bmrb_metabolomics/bmse000410/nmr/set01/1H']
SP:3196,SA:3196,499.84,,,xml,['BMRB/bmrb_metabolomics/bmse000404/nmr/set01/1H']
SP:3197,SA:3197,499.84,,,xml,['BMRB/bmrb_metabolomics/bmse000362/nmr/set01/1H']
SP:3198,SA:3198,499.84,,,xml,['BMRB/bmrb_metabolomics/bmse000438/nmr/set01/1H']
SP:3199,SA:3199,499.84,,,xml,['BMRB/bmrb_metabolomics/bmse000389/nmr/set01/1H']
SP:3200,SA:3200,499.84,,,xml,"['BMRB/bmrb_metabolomics/bmse000202/nmr/set02/1', 'BMRB/bmrb_metabolomics/bmse000202/nmr/set03/1', 'BMRB/bmrb_metabolomics/bmse000202/nmr/set01/1']"
SP:3201,SA:3201,400.13,,,xml,['BMRB/bmrb_metabolomics/bmse000564/nmr/set01/1H']
SP:3202,SA:3202,499.84,,,xml,['BMRB/bmrb_metabolomics/bmse000570/nmr/set01/1H']
SP:3203,SA:3203,499.84,,,xml,['BMRB/bmrb_metabolomics/bmse001108/nmr/set01/1D_1H']
SP:3204,SA:3204,499.84,,,xml,['BMRB/bmrb_metabolomics/bmse001134/nmr/set01/1D_1H']
SP:3205,SA:3205,499.84,,,xml,['BMRB/bmrb_metabolomics/bmse000766/nmr/set01/1H']
SP:3206,SA:3206,499.84,,,xml,['BMRB/bmrb_metabolomics/bmse000772/nmr/set01/1H']
SP:3207,SA:3207,499.84,,,xml,['BMRB/bmrb_metabolomics/bmse000982/nmr/set01/1H']
SP:3208,SA:3208,400.13,,,xml,['BMRB/bmrb_metabolomics/bmse000028/nmr/set01/1H']
SP:3209,SA:3209,600.13,,,xml,['BMRB/bmrb_metabolomics/bmse000969/nmr/set01/1']
SP:3210,SA:3210,600.13,,,xml,['BMRB/bmrb_metabolomics/bmse000940/nmr/set01/1H']
SP:3211,SA:3211,600.13,,,xml,['BMRB/bmrb_metabolomics/bmse000968/nmr/set01/1H']
SP:3212,SA:3212,499.84,,,xml,"['BMRB/bmrb_metabolomics/bmse000029/nmr/set02/1', 'BMRB/bmrb_metabolomics/bmse000029/nmr/set03/1', 'BMRB/bmrb_metabolomics/bmse000029/nmr/set01/1']"
SP:3213,SA:3213,499.84,,,xml,"['BMRB/bmrb_metabolomics/bmse000015/nmr/set02/1', 'BMRB/bmrb_metabolomics/bmse000015/nmr/set03/1', 'BMRB/bmrb_metabolomics/bmse000015/nmr/set01/1']"
SP:3214,SA:3214,499.84,,,xml,['BMRB/bmrb_metabolomics/bmse000773/nmr/set01/1H']
SP:3215,SA:3215,499.84,,,xml,['BMRB/bmrb_metabolomics/bmse000767/nmr/set01/1H']
SP:3216,SA:3216,499.84,,,xml,"['BMRB/bmrb_metabolomics/bmse000001/nmr/set01/1H.5', 'BMRB/bmrb_metabolomics/bmse000001/nmr/set01/1H_2', 'BMRB/bmrb_metabolomics/bmse000001/nmr/set01/1H']"
SP:3217,SA:3217,499.84,,,xml,['BMRB/bmrb_metabolomics/bmse001121/nmr/set01/1D_1H']
SP:3218,SA:3218,400.13,,,xml,['BMRB/bmrb_metabolomics/bmse000203/nmr/set01/1H']
SP:3219,SA:3219,499.84,,,xml,['BMRB/bmrb_metabolomics/bmse000388/nmr/set01/1H']
SP:3220,SA:3220,499.84,,,xml,['BMRB/bmrb_metabolomics/bmse000439/nmr/set01/1H']
SP:3221,SA:3221,499.84,,,xml,['BMRB/bmrb_metabolomics/bmse000405/nmr/set01/1H']
SP:3222,SA:3222,499.84,,,xml,['BMRB/bmrb_metabolomics/bmse000363/nmr/set01/1H']
SP:3223,SA:3223,499.84,,,xml,['BMRB/bmrb_metabolomics/bmse000377/nmr/set01/1H']
SP:3224,SA:3224,499.84,,,xml,['BMRB/bmrb_metabolomics/bmse000834/nmr/set01/1H']
SP:3225,SA:3225,499.84,,,xml,"['BMRB/bmrb_metabolomics/bmse000161/nmr/set01/1H.5', 'BMRB/bmrb_metabolomics/bmse000161/nmr/set01/1H_2', 'BMRB/bmrb_metabolomics/bmse000161/nmr/set01/1H']"
SP:3226,SA:3226,499.84,,,xml,['BMRB/bmrb_metabolomics/bmse000607/nmr/set01/1H']
SP:3227,SA:3227,400.13,,,xml,['BMRB/bmrb_metabolomics/bmse000175/nmr/set01/1']
SP:3228,SA:3228,400.13,,,xml,['BMRB/bmrb_metabolomics/bmse000648/nmr/set01/1H']
SP:3229,SA:3229,499.84,,,xml,['BMRB/bmrb_metabolomics/bmse000674/nmr/set01/1H']
SP:3230,SA:3230,499.84,,,xml,"['BMRB/bmrb_metabolomics/bmse000112/nmr/set02/1', 'BMRB/bmrb_metabolomics/bmse000112/nmr/set03/1', 'BMRB/bmrb_metabolomics/bmse000112/nmr/set01/1']"
SP:3231,SA:3231,499.84,,,xml,['BMRB/bmrb_metabolomics/bmse000660/nmr/set01/1H']
SP:3232,SA:3232,499.84,,,xml,['BMRB/bmrb_metabolomics/bmse000338/nmr/set01/1']
SP:3233,SA:3233,499.84,,,xml,['BMRB/bmrb_metabolomics/bmse000310/nmr/set01/1H']
SP:3234,SA:3234,499.84,,,xml,['BMRB/bmrb_metabolomics/bmse000462/nmr/set01/1H']
SP:3235,SA:3235,499.84,,,xml,['BMRB/bmrb_metabolomics/bmse000304/nmr/set01/1H']
SP:3236,SA:3236,499.84,,,xml,['BMRB/bmrb_metabolomics/bmse001146/nmr/set01/1D_1H']
SP:3237,SA:3237,400.13,,,xml,['BMRB/bmrb_metabolomics/bmse000258/nmr/set01/1H']
SP:3238,SA:3238,499.84,,,xml,['BMRB/bmrb_metabolomics/bmse001152/nmr/set01/1D_1H']
SP:3239,SA:3239,400.13,,,xml,['BMRB/bmrb_metabolomics/bmse000264/nmr/set01/1H']
SP:3240,SA:3240,499.84,,,xml,['BMRB/bmrb_metabolomics/bmse000516/nmr/set01/1H']
SP:3241,SA:3241,400.13,,,xml,['BMRB/bmrb_metabolomics/bmse000270/nmr/set01/1H']
SP:3242,SA:3242,499.84,,,xml,['BMRB/bmrb_metabolomics/bmse001191/nmr/set01/1D_1H']
SP:3243,SA:3243,499.84,,,xml,"['BMRB/bmrb_metabolomics/bmse000066/nmr/set01/1H.5', 'BMRB/bmrb_metabolomics/bmse000066/nmr/set01/1H_2', 'BMRB/bmrb_metabolomics/bmse000066/nmr/set01/1H']"
SP:3244,SA:3244,499.84,,,xml,['BMRB/bmrb_metabolomics/bmse000072/nmr/set01/1']
SP:3245,SA:3245,499.84,,,xml,['BMRB/bmrb_metabolomics/bmse000933/nmr/set01/1H']
SP:3246,SA:3246,400.13,,,xml,"['BMRB/bmrb_metabolomics/bmse000098/nmr/set02/1', 'BMRB/bmrb_metabolomics/bmse000098/nmr/set03/1', 'BMRB/bmrb_metabolomics/bmse000098/nmr/set01/1']"
SP:3247,SA:3247,400.13,,,xml,['BMRB/bmrb_metabolomics/bmse000073/nmr/set01/1H']
SP:3248,SA:3248,499.84,,,xml,['BMRB/bmrb_metabolomics/bmse000715/nmr/set01/1']
SP:3249,SA:3249,499.84,,,xml,['BMRB/bmrb_metabolomics/bmse000701/nmr/set01/1H']
SP:3250,SA:3250,499.84,,,xml,"['BMRB/bmrb_metabolomics/bmse000067/nmr/set02/1', 'BMRB/bmrb_metabolomics/bmse000067/nmr/set03/1', 'BMRB/bmrb_metabolomics/bmse000067/nmr/set01/1']"
SP:3251,SA:3251,499.84,,,xml,['BMRB/bmrb_metabolomics/bmse001190/nmr/set01/1D_1H']
SP:3252,SA:3252,499.84,,,xml,['BMRB/bmrb_metabolomics/bmse000517/nmr/set01/1H']
SP:3253,SA:3253,400.13,,,xml,['BMRB/bmrb_metabolomics/bmse000265/nmr/set01/1H']
SP:3254,SA:3254,400.13,,,xml,['BMRB/bmrb_metabolomics/bmse000503/nmr/set01/1H']
SP:3255,SA:3255,400.13,,,xml,['BMRB/bmrb_metabolomics/bmse000259/nmr/set01/1H']
SP:3256,SA:3256,499.84,,,xml,['BMRB/bmrb_metabolomics/bmse001147/nmr/set01/1D_1H']
SP:3257,SA:3257,499.84,,,xml,['BMRB/bmrb_metabolomics/bmse000488/nmr/set01/1H']
SP:3258,SA:3258,499.84,,,xml,['BMRB/bmrb_metabolomics/bmse000463/nmr/set01/1H']
SP:3259,SA:3259,499.84,,,xml,['BMRB/bmrb_metabolomics/bmse000305/nmr/set01/1H']
SP:3260,SA:3260,499.84,,,xml,['BMRB/bmrb_metabolomics/bmse000311/nmr/set01/1']
SP:3261,SA:3261,499.84,,,xml,['BMRB/bmrb_metabolomics/bmse000339/nmr/set01/1H']
SP:3262,SA:3262,499.84,,,xml,"['BMRB/bmrb_metabolomics/bmse000846/nmr/set01/1H_2', 'BMRB/bmrb_metabolomics/bmse000846/nmr/set01/1H']"
SP:3263,SA:3263,400.13,,,xml,['BMRB/bmrb_metabolomics/bmse000107/nmr/set01/1']
SP:3264,SA:3264,499.84,,,xml,['BMRB/bmrb_metabolomics/bmse000661/nmr/set01/1H']
SP:3265,SA:3265,499.84,,,xml,['BMRB/bmrb_metabolomics/bmse000675/nmr/set01/1H']
SP:3266,SA:3266,400.13,,,xml,['BMRB/bmrb_metabolomics/bmse000113/nmr/set01/1H']
SP:3267,SA:3267,400.13,,,xml,['BMRB/bmrb_metabolomics/bmse000105/nmr/set01/1H']
SP:3268,SA:3268,400.13,,,xml,['BMRB/bmrb_metabolomics/bmse000111/nmr/set01/1H']
SP:3269,SA:3269,499.84,,,xml,['BMRB/bmrb_metabolomics/bmse000677/nmr/set01/1H']
SP:3270,SA:3270,499.84,,,xml,['BMRB/bmrb_metabolomics/bmse000844/nmr/set01/1H']
SP:3271,SA:3271,499.84,,,xml,['BMRB/bmrb_metabolomics/bmse000688/nmr/set01/1H']
SP:3272,SA:3272,600.13,,,xml,['BMRB/bmrb_metabolomics/bmse000878/nmr/set01/1H']
SP:3273,SA:3273,499.84,,,xml,['BMRB/bmrb_metabolomics/bmse000449/nmr/set01/1H']
SP:3274,SA:3274,499.84,,,xml,['BMRB/bmrb_metabolomics/bmse000307/nmr/set01/1H']
SP:3275,SA:3275,499.84,,,xml,['BMRB/bmrb_metabolomics/bmse000461/nmr/set01/1H']
SP:3276,SA:3276,499.84,,,xml,['BMRB/bmrb_metabolomics/bmse000475/nmr/set01/1H']
SP:3277,SA:3277,499.84,,,xml,['BMRB/bmrb_metabolomics/bmse001151/nmr/set01/1D_1H']
SP:3278,SA:3278,400.13,,,xml,['BMRB/bmrb_metabolomics/bmse000273/nmr/set01/1H']
SP:3279,SA:3279,499.84,,,xml,['BMRB/bmrb_metabolomics/bmse001179/nmr/set01/1D_1H']
SP:3280,SA:3280,400.13,,,xml,['BMRB/bmrb_metabolomics/bmse000267/nmr/set01/1H']
SP:3281,SA:3281,499.84,,,xml,['BMRB/bmrb_metabolomics/bmse001192/nmr/set01/1D_1H']
SP:3282,SA:3282,499.84,,,xml,['BMRB/bmrb_metabolomics/bmse000703/nmr/set01/1H']
SP:3283,SA:3283,499.84,,,xml,['BMRB/bmrb_metabolomics/bmse000930/nmr/set01/1']
SP:3284,SA:3284,600.13,,,xml,['BMRB/bmrb_metabolomics/bmse000918/nmr/set01/1H']
SP:3285,SA:3285,600.13,,,xml,['BMRB/bmrb_metabolomics/bmse000919/nmr/set01/1H']
SP:3286,SA:3286,499.84,,,xml,['BMRB/bmrb_metabolomics/bmse000925/nmr/set01/1H']
SP:3287,SA:3287,400.13,,,xml,"['BMRB/bmrb_metabolomics/bmse000064/nmr/set01/1H.5', 'BMRB/bmrb_metabolomics/bmse000064/nmr/set01/1H_2', 'BMRB/bmrb_metabolomics/bmse000064/nmr/set01/1H']"
SP:3288,SA:3288,400.13,,,xml,['BMRB/bmrb_metabolomics/bmse000070/nmr/set01/1H']
SP:3289,SA:3289,400.13,,,xml,['BMRB/bmrb_metabolomics/bmse000058/nmr/set01/1H']
SP:3290,SA:3290,499.84,,,xml,['BMRB/bmrb_metabolomics/bmse001187/nmr/set01/1D_1H']
SP:3291,SA:3291,400.13,,,xml,['BMRB/bmrb_metabolomics/bmse000299/nmr/set01/1']
SP:3292,SA:3292,499.84,,,xml,['BMRB/bmrb_metabolomics/bmse000514/nmr/set01/1H']
SP:3293,SA:3293,499.84,,,xml,['BMRB/bmrb_metabolomics/bmse001144/nmr/set01/1D_1H']
SP:3294,SA:3294,499.84,,,xml,['BMRB/bmrb_metabolomics/bmse001150/nmr/set01/1D_1H']
SP:3295,SA:3295,499.84,,,xml,['BMRB/bmrb_metabolomics/bmse000312/nmr/set01/1H']
SP:3296,SA:3296,499.84,,,xml,['BMRB/bmrb_metabolomics/bmse000460/nmr/set01/1']
SP:3297,SA:3297,499.84,,,xml,['BMRB/bmrb_metabolomics/bmse000448/nmr/set01/1']
SP:3298,SA:3298,600.13,,,xml,['BMRB/bmrb_metabolomics/bmse000879/nmr/set01/1H']
SP:3299,SA:3299,499.84,,,xml,['BMRB/bmrb_metabolomics/bmse000689/nmr/set01/1H']
SP:3300,SA:3300,499.84,,,xml,['BMRB/bmrb_metabolomics/bmse000845/nmr/set01/1H']
SP:3301,SA:3301,400.13,,,xml,['BMRB/bmrb_metabolomics/bmse000110/nmr/set01/1H']
SP:3302,SA:3302,499.84,,,xml,['BMRB/bmrb_metabolomics/bmse000676/nmr/set01/1H']
SP:3303,SA:3303,499.84,,,xml,['BMRB/bmrb_metabolomics/bmse000662/nmr/set01/1H']
SP:3304,SA:3304,400.13,,,xml,['BMRB/bmrb_metabolomics/bmse000104/nmr/set01/1']
SP:3305,SA:3305,400.13,,,xml,['BMRB/bmrb_metabolomics/bmse000100/nmr/set01/1H']
SP:3306,SA:3306,499.84,,,xml,['BMRB/bmrb_metabolomics/bmse000666/nmr/set01/1H']
SP:3307,SA:3307,499.84,,,xml,['BMRB/bmrb_metabolomics/bmse000672/nmr/set01/1H']
SP:3308,SA:3308,400.13,,,xml,['BMRB/bmrb_metabolomics/bmse000114/nmr/set01/1']
SP:3309,SA:3309,400.13,,,xml,['BMRB/bmrb_metabolomics/bmse000128/nmr/set01/1']
SP:3310,SA:3310,499.84,,,xml,['BMRB/bmrb_metabolomics/bmse000841/nmr/set01/1H']
SP:3311,SA:3311,499.84,,,xml,['BMRB/bmrb_metabolomics/bmse000699/nmr/set01/1H']
SP:3312,SA:3312,499.84,,,xml,['BMRB/bmrb_metabolomics/bmse000464/nmr/set01/1H']
SP:3313,SA:3313,499.84,,,xml,['BMRB/bmrb_metabolomics/bmse000302/nmr/set01/1H']
SP:3314,SA:3314,499.84,,,xml,['BMRB/bmrb_metabolomics/bmse000316/nmr/set01/1H']
SP:3315,SA:3315,499.84,,,xml,['BMRB/bmrb_metabolomics/bmse000458/nmr/set01/1H']
SP:3316,SA:3316,499.84,,,xml,"['BMRB/bmrb_metabolomics/bmse000276/nmr/set02/1', 'BMRB/bmrb_metabolomics/bmse000276/nmr/set03/1', 'BMRB/bmrb_metabolomics/bmse000276/nmr/set01/1']"
SP:3317,SA:3317,400.13,,,xml,['BMRB/bmrb_metabolomics/bmse000262/nmr/set01/1']
SP:3318,SA:3318,499.84,,,xml,['BMRB/bmrb_metabolomics/bmse001154/nmr/set01/1D_1H']
SP:3319,SA:3319,400.13,,,xml,['BMRB/bmrb_metabolomics/bmse000538/nmr/set01/1H']
SP:3320,SA:3320,499.84,,,xml,['BMRB/bmrb_metabolomics/bmse001197/nmr/set01/1D_1H']
SP:3321,SA:3321,499.84,,,xml,"['BMRB/bmrb_metabolomics/bmse000074/nmr/set01/1H.5', 'BMRB/bmrb_metabolomics/bmse000074/nmr/set01/1H_2', 'BMRB/bmrb_metabolomics/bmse000074/nmr/set01/1H']"
SP:3322,SA:3322,499.84,,,xml,['BMRB/bmrb_metabolomics/bmse000706/nmr/set01/1H']
SP:3323,SA:3323,499.84,,,xml,"['BMRB/bmrb_metabolomics/bmse000060/nmr/set02/1', 'BMRB/bmrb_metabolomics/bmse000060/nmr/set03/1', 'BMRB/bmrb_metabolomics/bmse000060/nmr/set01/1']"
SP:3324,SA:3324,499.84,,,xml,"['BMRB/bmrb_metabolomics/bmse000048/nmr/set02/1', 'BMRB/bmrb_metabolomics/bmse000048/nmr/set03/1', 'BMRB/bmrb_metabolomics/bmse000048/nmr/set01/1']"
SP:3325,SA:3325,499.84,,,xml,['BMRB/bmrb_metabolomics/bmse000909/nmr/set01/1H']
SP:3326,SA:3326,600.13,,,xml,['BMRB/bmrb_metabolomics/bmse000921/nmr/set01/1H']
SP:3327,SA:3327,499.84,,,xml,"['BMRB/bmrb_metabolomics/bmse000049/nmr/set02/1', 'BMRB/bmrb_metabolomics/bmse000049/nmr/set01/1']"
SP:3328,SA:3328,499.84,,,xml,['BMRB/bmrb_metabolomics/bmse000707/nmr/set01/1H']
SP:3329,SA:3329,499.84,,,xml,"['BMRB/bmrb_metabolomics/bmse000061/nmr/set02/1', 'BMRB/bmrb_metabolomics/bmse000061/nmr/set03/1', 'BMRB/bmrb_metabolomics/bmse000061/nmr/set01/1']"
SP:3330,SA:3330,499.84,,,xml,['BMRB/bmrb_metabolomics/bmse001182/nmr/set01/1D_1H']
SP:3331,SA:3331,499.84,,,xml,['BMRB/bmrb_metabolomics/bmse001196/nmr/set01/1D_1H']
SP:3332,SA:3332,400.13,,,xml,['BMRB/bmrb_metabolomics/bmse000288/nmr/set01/1']
SP:3333,SA:3333,499.84,,,xml,['BMRB/bmrb_metabolomics/bmse001141/nmr/set01/1D_1H']
SP:3334,SA:3334,400.13,,,xml,['BMRB/bmrb_metabolomics/bmse000539/nmr/set01/1H']
SP:3335,SA:3335,400.13,,,xml,['BMRB/bmrb_metabolomics/bmse000505/nmr/set01/1H']
SP:3336,SA:3336,499.84,,,xml,['BMRB/bmrb_metabolomics/bmse000459/nmr/set01/1H']
SP:3337,SA:3337,499.84,,,xml,['BMRB/bmrb_metabolomics/bmse000471/nmr/set01/1H']
SP:3338,SA:3338,499.84,,,xml,['BMRB/bmrb_metabolomics/bmse000465/nmr/set01/1H']
SP:3339,SA:3339,499.84,,,xml,['BMRB/bmrb_metabolomics/bmse000303/nmr/set01/1H']
SP:3340,SA:3340,600.13,,,xml,['BMRB/bmrb_metabolomics/bmse000854/nmr/set01/1']
SP:3341,SA:3341,499.84,,,xml,['BMRB/bmrb_metabolomics/bmse000840/nmr/set01/1H']
SP:3342,SA:3342,600.13,,,xml,['BMRB/bmrb_metabolomics/bmse000868/nmr/set01/1']
SP:3343,SA:3343,600.13,,,xml,['BMRB/bmrb_metabolomics/bmse000897/nmr/set01/1H']
SP:3344,SA:3344,499.84,,,xml,['BMRB/bmrb_metabolomics/bmse000673/nmr/set01/1H']
SP:3345,SA:3345,400.13,,,xml,['BMRB/bmrb_metabolomics/bmse000101/nmr/set01/1']
SP:3346,SA:3346,499.84,,,xml,"['BMRB/bmrb_metabolomics/bmse000103/nmr/set01/1H.5', 'BMRB/bmrb_metabolomics/bmse000103/nmr/set01/1H_2', 'BMRB/bmrb_metabolomics/bmse000103/nmr/set01/1H']"
SP:3347,SA:3347,499.84,,,xml,['BMRB/bmrb_metabolomics/bmse000659/nmr/set01/1H']
SP:3348,SA:3348,600.13,,,xml,['BMRB/bmrb_metabolomics/bmse000881/nmr/set01/1H']
SP:3349,SA:3349,600.13,,,xml,['BMRB/bmrb_metabolomics/bmse000856/nmr/set01/1H']
SP:3350,SA:3350,499.84,,,xml,['BMRB/bmrb_metabolomics/bmse000842/nmr/set01/1H']
SP:3351,SA:3351,499.84,,,xml,['BMRB/bmrb_metabolomics/bmse000473/nmr/set01/1H']
SP:3352,SA:3352,499.84,,,xml,['BMRB/bmrb_metabolomics/bmse000467/nmr/set01/1H']
SP:3353,SA:3353,499.84,,,xml,['BMRB/bmrb_metabolomics/bmse000329/nmr/set01/1H']
SP:3354,SA:3354,499.84,,,xml,['BMRB/bmrb_metabolomics/bmse000513/nmr/set01/1H']
SP:3355,SA:3355,499.84,,,xml,['BMRB/bmrb_metabolomics/bmse001157/nmr/set01/1D_1H']
SP:3356,SA:3356,400.13,,,xml,['BMRB/bmrb_metabolomics/bmse000249/nmr/set01/1H']
SP:3357,SA:3357,499.84,,,xml,['BMRB/bmrb_metabolomics/bmse001194/nmr/set01/1D_1H']
SP:3358,SA:3358,499.84,,,xml,"['BMRB/bmrb_metabolomics/bmse000063/nmr/set02/1', 'BMRB/bmrb_metabolomics/bmse000063/nmr/set03/1', 'BMRB/bmrb_metabolomics/bmse000063/nmr/set01/1']"
SP:3359,SA:3359,499.84,,,xml,['BMRB/bmrb_metabolomics/bmse000705/nmr/set01/1']
SP:3360,SA:3360,499.84,,,xml,['BMRB/bmrb_metabolomics/bmse000711/nmr/set01/1H']
SP:3361,SA:3361,400.13,,,xml,['BMRB/bmrb_metabolomics/bmse000077/nmr/set01/1H']
SP:3362,SA:3362,499.84,,,xml,['BMRB/bmrb_metabolomics/bmse000739/nmr/set01/1H']
SP:3363,SA:3363,600.13,,,xml,['BMRB/bmrb_metabolomics/bmse000922/nmr/set01/1H']
SP:3364,SA:3364,600.13,,,xml,['BMRB/bmrb_metabolomics/bmse000936/nmr/set01/1H']
SP:3365,SA:3365,499.84,,,xml,"['BMRB/bmrb_metabolomics/bmse000089/nmr/set02/1', 'BMRB/bmrb_metabolomics/bmse000089/nmr/set03/1', 'BMRB/bmrb_metabolomics/bmse000089/nmr/set01/1']"
SP:3366,SA:3366,499.84,,,xml,['BMRB/bmrb_metabolomics/bmse000923/nmr/set01/1H']
SP:3367,SA:3367,499.84,,,xml,['BMRB/bmrb_metabolomics/bmse000738/nmr/set01/1H']
SP:3368,SA:3368,499.84,,,xml,"['BMRB/bmrb_metabolomics/bmse000076/nmr/set02/1', 'BMRB/bmrb_metabolomics/bmse000076/nmr/set03/1', 'BMRB/bmrb_metabolomics/bmse000076/nmr/set01/1']"
SP:3369,SA:3369,499.84,,,xml,['BMRB/bmrb_metabolomics/bmse001195/nmr/set01/1D_1H']
SP:3370,SA:3370,499.84,,,xml,['BMRB/bmrb_metabolomics/bmse001181/nmr/set01/1D_1H']
SP:3371,SA:3371,400.13,,,xml,['BMRB/bmrb_metabolomics/bmse000248/nmr/set01/1H']
SP:3372,SA:3372,499.84,,,xml,['BMRB/bmrb_metabolomics/bmse001156/nmr/set01/1D_1H']
SP:3373,SA:3373,499.84,,,xml,['BMRB/bmrb_metabolomics/bmse001142/nmr/set01/1D_1H']
SP:3374,SA:3374,400.13,,,xml,['BMRB/bmrb_metabolomics/bmse000274/nmr/set01/1H']
SP:3375,SA:3375,400.13,,,xml,['BMRB/bmrb_metabolomics/bmse000506/nmr/set01/1H']
SP:3376,SA:3376,499.84,,,xml,['BMRB/bmrb_metabolomics/bmse000328/nmr/set01/1H']
SP:3377,SA:3377,400.13,,,xml,['BMRB/bmrb_metabolomics/bmse000300/nmr/set01/1H']
SP:3378,SA:3378,499.84,,,xml,['BMRB/bmrb_metabolomics/bmse000466/nmr/set01/1H']
SP:3379,SA:3379,499.84,,,xml,['BMRB/bmrb_metabolomics/bmse000843/nmr/set01/1H']
SP:3380,SA:3380,600.13,,,xml,['BMRB/bmrb_metabolomics/bmse000857/nmr/set01/1H']
SP:3381,SA:3381,499.84,,,xml,['BMRB/bmrb_metabolomics/bmse000658/nmr/set01/1H']
SP:3382,SA:3382,400.13,,,xml,['BMRB/bmrb_metabolomics/bmse000102/nmr/set01/1H']
SP:3383,SA:3383,499.84,,,xml,['BMRB/bmrb_metabolomics/bmse000670/nmr/set01/1H']
SP:3384,SA:3384,499.84,,,xml,['BMRB/bmrb_metabolomics/bmse000655/nmr/set01/1H']
SP:3385,SA:3385,400.13,,,xml,['BMRB/bmrb_metabolomics/bmse000133/nmr/set01/1H']
SP:3386,SA:3386,400.13,,,xml,['BMRB/bmrb_metabolomics/bmse000127/nmr/set01/1']
SP:3387,SA:3387,400.13,,,xml,['BMRB/bmrb_metabolomics/bmse000641/nmr/set01/1H']
SP:3388,SA:3388,600.13,,,xml,['BMRB/bmrb_metabolomics/bmse000899/nmr/set01/1H']
SP:3389,SA:3389,600.13,,,xml,['BMRB/bmrb_metabolomics/bmse000872/nmr/set01/1H']
SP:3390,SA:3390,600.13,,,xml,['BMRB/bmrb_metabolomics/bmse000866/nmr/set01/1H']
SP:3391,SA:3391,499.84,,,xml,['BMRB/bmrb_metabolomics/bmse000696/nmr/set01/1H']
SP:3392,SA:3392,499.84,,,xml,['BMRB/bmrb_metabolomics/bmse000682/nmr/set01/1H']
SP:3393,SA:3393,499.84,,,xml,['BMRB/bmrb_metabolomics/bmse000319/nmr/set01/1H']
SP:3394,SA:3394,499.84,,,xml,['BMRB/bmrb_metabolomics/bmse000331/nmr/set01/1H']
SP:3395,SA:3395,499.84,,,xml,['BMRB/bmrb_metabolomics/bmse000457/nmr/set01/1']
SP:3396,SA:3396,499.84,,,xml,['BMRB/bmrb_metabolomics/bmse000443/nmr/set01/1H']
SP:3397,SA:3397,499.84,,,xml,['BMRB/bmrb_metabolomics/bmse000325/nmr/set01/1']
SP:3398,SA:3398,499.84,,,xml,['BMRB/bmrb_metabolomics/bmse001167/nmr/set01/1D_1H']
SP:3399,SA:3399,400.13,,,xml,['BMRB/bmrb_metabolomics/bmse000279/nmr/set01/1']
SP:3400,SA:3400,499.84,,,xml,['BMRB/bmrb_metabolomics/bmse001173/nmr/set01/1D_1H']
SP:3401,SA:3401,400.13,,,xml,['BMRB/bmrb_metabolomics/bmse000245/nmr/set01/1H']
SP:3402,SA:3402,400.13,,,xml,['BMRB/bmrb_metabolomics/bmse000537/nmr/set01/1H']
SP:3403,SA:3403,400.13,,,xml,['BMRB/bmrb_metabolomics/bmse000286/nmr/set01/1H']
SP:3404,SA:3404,499.84,,,xml,['BMRB/bmrb_metabolomics/bmse001198/nmr/set01/1D_1H']
SP:3405,SA:3405,499.84,,,xml,['BMRB/bmrb_metabolomics/bmse000709/nmr/set01/1H']
SP:3406,SA:3406,499.84,,,xml,"['BMRB/bmrb_metabolomics/bmse000047/nmr/set02/1', 'BMRB/bmrb_metabolomics/bmse000047/nmr/set03/1', 'BMRB/bmrb_metabolomics/bmse000047/nmr/set01/1']"
SP:3407,SA:3407,600.13,,,xml,['BMRB/bmrb_metabolomics/bmse000906/nmr/set01/1H']
SP:3408,SA:3408,600.13,,,xml,['BMRB/bmrb_metabolomics/bmse000912/nmr/set01/1H']
SP:3409,SA:3409,400.13,,,xml,['BMRB/bmrb_metabolomics/bmse000084/nmr/set01/1']
SP:3410,SA:3410,400.13,,,xml,['BMRB/bmrb_metabolomics/bmse000090/nmr/set01/1H']
SP:3411,SA:3411,499.84,,,xml,"['BMRB/bmrb_metabolomics/bmse000091/nmr/set02/1', 'BMRB/bmrb_metabolomics/bmse000091/nmr/set03/1', 'BMRB/bmrb_metabolomics/bmse000091/nmr/set01/1']"
SP:3412,SA:3412,600.13,,,xml,['BMRB/bmrb_metabolomics/bmse000913/nmr/set01/1H']
SP:3413,SA:3413,499.84,,,xml,"['BMRB/bmrb_metabolomics/bmse000052/nmr/set02/1', 'BMRB/bmrb_metabolomics/bmse000052/nmr/set01/1']"
SP:3414,SA:3414,499.84,,,xml,['BMRB/bmrb_metabolomics/bmse000734/nmr/set01/1H']
SP:3415,SA:3415,499.84,,,xml,"['BMRB/bmrb_metabolomics/bmse000046/nmr/set01/1H.5', 'BMRB/bmrb_metabolomics/bmse000046/nmr/set01/1H_2', 'BMRB/bmrb_metabolomics/bmse000046/nmr/set01/1H']"
SP:3416,SA:3416,499.84,,,xml,['BMRB/bmrb_metabolomics/bmse000708/nmr/set01/1H']
SP:3417,SA:3417,400.13,,,xml,['BMRB/bmrb_metabolomics/bmse000293/nmr/set01/1H']
SP:3418,SA:3418,400.13,,,xml,['BMRB/bmrb_metabolomics/bmse000287/nmr/set01/1']
SP:3419,SA:3419,499.84,,,xml,['BMRB/bmrb_metabolomics/bmse000536/nmr/set01/1H']
SP:3420,SA:3420,400.13,,,xml,['BMRB/bmrb_metabolomics/bmse000244/nmr/set01/1']
SP:3421,SA:3421,499.84,,,xml,['BMRB/bmrb_metabolomics/bmse001166/nmr/set01/1D_1H']
SP:3422,SA:3422,499.84,,,xml,['BMRB/bmrb_metabolomics/bmse000481/nmr/set01/1H']
SP:3423,SA:3423,499.84,,,xml,['BMRB/bmrb_metabolomics/bmse000442/nmr/set01/1H']
SP:3424,SA:3424,499.84,,,xml,['BMRB/bmrb_metabolomics/bmse000324/nmr/set01/1H']
SP:3425,SA:3425,499.84,,,xml,['BMRB/bmrb_metabolomics/bmse000330/nmr/set01/1H']
SP:3426,SA:3426,499.84,,,xml,['BMRB/bmrb_metabolomics/bmse000318/nmr/set01/1H']
SP:3427,SA:3427,600.13,,,xml,['BMRB/bmrb_metabolomics/bmse000867/nmr/set01/1H']
SP:3428,SA:3428,499.84,,,xml,['BMRB/bmrb_metabolomics/bmse000873/nmr/set01/1H']
SP:3429,SA:3429,400.13,,,xml,['BMRB/bmrb_metabolomics/bmse000640/nmr/set01/1H']
SP:3430,SA:3430,499.84,,,xml,['BMRB/bmrb_metabolomics/bmse000654/nmr/set01/1H']
SP:3431,SA:3431,400.13,,,xml,['BMRB/bmrb_metabolomics/bmse000132/nmr/set01/1H']
SP:3432,SA:3432,499.84,,,xml,['BMRB/bmrb_metabolomics/bmse000668/nmr/set01/1H']
SP:3433,SA:3433,400.13,,,xml,['BMRB/bmrb_metabolomics/bmse000118/nmr/set01/1H']
SP:3434,SA:3434,400.13,,,xml,['BMRB/bmrb_metabolomics/bmse000124/nmr/set01/1H']
SP:3435,SA:3435,400.13,,,xml,['BMRB/bmrb_metabolomics/bmse000130/nmr/set01/1']
SP:3436,SA:3436,600.13,,,xml,['BMRB/bmrb_metabolomics/bmse000871/nmr/set01/1H']
SP:3437,SA:3437,600.13,,,xml,['BMRB/bmrb_metabolomics/bmse000859/nmr/set01/1H']
SP:3438,SA:3438,499.84,,,xml,['BMRB/bmrb_metabolomics/bmse000681/nmr/set01/1H']
SP:3439,SA:3439,499.84,,,xml,['BMRB/bmrb_metabolomics/bmse000695/nmr/set01/1H']
SP:3440,SA:3440,499.84,,,xml,['BMRB/bmrb_metabolomics/bmse000468/nmr/set01/1H']
SP:3441,SA:3441,600.13,,,xml,['BMRB/bmrb_metabolomics/bmse001010/nmr/set01/1H']
SP:3442,SA:3442,499.84,,,xml,['BMRB/bmrb_metabolomics/bmse000326/nmr/set01/1H']
SP:3443,SA:3443,499.84,,,xml,['BMRB/bmrb_metabolomics/bmse000440/nmr/set01/1H']
SP:3444,SA:3444,499.84,,,xml,['BMRB/bmrb_metabolomics/bmse000454/nmr/set01/1']
SP:3445,SA:3445,499.84,,,xml,"['BMRB/bmrb_metabolomics/bmse000483/nmr/set02/1', 'BMRB/bmrb_metabolomics/bmse000483/nmr/set03/1', 'BMRB/bmrb_metabolomics/bmse000483/nmr/set01/1']"
SP:3446,SA:3446,400.13,,,xml,['BMRB/bmrb_metabolomics/bmse000508/nmr/set01/1H']
SP:3447,SA:3447,400.13,,,xml,['BMRB/bmrb_metabolomics/bmse000252/nmr/set01/1']
SP:3448,SA:3448,499.84,,,xml,['BMRB/bmrb_metabolomics/bmse000520/nmr/set01/1H']
SP:3449,SA:3449,499.84,,,xml,['BMRB/bmrb_metabolomics/bmse001158/nmr/set01/1D_1H']
SP:3450,SA:3450,400.13,,,xml,['BMRB/bmrb_metabolomics/bmse000246/nmr/set01/1']
SP:3451,SA:3451,400.13,,,xml,['BMRB/bmrb_metabolomics/bmse000291/nmr/set01/1H']
SP:3452,SA:3452,499.84,,,xml,"['BMRB/bmrb_metabolomics/bmse000285/nmr/set02/1', 'BMRB/bmrb_metabolomics/bmse000285/nmr/set03/1', 'BMRB/bmrb_metabolomics/bmse000285/nmr/set01/1']"
SP:3453,SA:3453,499.84,,,xml,"['BMRB/bmrb_metabolomics/bmse000078/nmr/set01/1H.5', 'BMRB/bmrb_metabolomics/bmse000078/nmr/set01/1H_2', 'BMRB/bmrb_metabolomics/bmse000078/nmr/set01/1H']"
SP:3454,SA:3454,499.84,,,xml,['BMRB/bmrb_metabolomics/bmse000736/nmr/set01/1']
SP:3455,SA:3455,499.84,,,xml,['BMRB/bmrb_metabolomics/bmse000050/nmr/set01/1']
SP:3456,SA:3456,499.84,,,xml,"['BMRB/bmrb_metabolomics/bmse000044/nmr/set02/1', 'BMRB/bmrb_metabolomics/bmse000044/nmr/set03/1', 'BMRB/bmrb_metabolomics/bmse000044/nmr/set01/1']"
SP:3457,SA:3457,499.84,,,xml,['BMRB/bmrb_metabolomics/bmse000722/nmr/set01/1H']
SP:3458,SA:3458,600.13,,,xml,['BMRB/bmrb_metabolomics/bmse000905/nmr/set01/1H']
SP:3459,SA:3459,400.13,,,xml,['BMRB/bmrb_metabolomics/bmse000093/nmr/set01/1H']
SP:3460,SA:3460,400.13,,,xml,['BMRB/bmrb_metabolomics/bmse000092/nmr/set01/1H']
SP:3461,SA:3461,600.13,,,xml,['BMRB/bmrb_metabolomics/bmse000904/nmr/set01/1']
SP:3462,SA:3462,499.84,,,xml,"['BMRB/bmrb_metabolomics/bmse000045/nmr/set02/1', 'BMRB/bmrb_metabolomics/bmse000045/nmr/set03/1', 'BMRB/bmrb_metabolomics/bmse000045/nmr/set01/1']"
SP:3463,SA:3463,499.84,,,xml,['BMRB/bmrb_metabolomics/bmse000723/nmr/set01/1H']
SP:3464,SA:3464,499.84,,,xml,"['BMRB/bmrb_metabolomics/bmse000051/nmr/set02/1', 'BMRB/bmrb_metabolomics/bmse000051/nmr/set03/1', 'BMRB/bmrb_metabolomics/bmse000051/nmr/set01/1']"
SP:3465,SA:3465,400.13,,,xml,['BMRB/bmrb_metabolomics/bmse000079/nmr/set01/1H']
SP:3466,SA:3466,400.13,,,xml,['BMRB/bmrb_metabolomics/bmse000284/nmr/set01/1H']
SP:3467,SA:3467,400.13,,,xml,['BMRB/bmrb_metabolomics/bmse000290/nmr/set01/1H']
SP:3468,SA:3468,499.84,,,xml,['BMRB/bmrb_metabolomics/bmse000521/nmr/set01/1H']
SP:3469,SA:3469,499.84,,,xml,['BMRB/bmrb_metabolomics/bmse001159/nmr/set01/1D_1H']
SP:3470,SA:3470,400.13,,,xml,['BMRB/bmrb_metabolomics/bmse000496/nmr/set01/1H']
SP:3471,SA:3471,499.84,,,xml,['BMRB/bmrb_metabolomics/bmse000455/nmr/set01/1H']
SP:3472,SA:3472,499.84,,,xml,['BMRB/bmrb_metabolomics/bmse000333/nmr/set01/1H']
SP:3473,SA:3473,499.84,,,xml,['BMRB/bmrb_metabolomics/bmse000327/nmr/set01/1H']
SP:3474,SA:3474,499.84,,,xml,['BMRB/bmrb_metabolomics/bmse000441/nmr/set01/1H']
SP:3475,SA:3475,499.84,,,xml,['BMRB/bmrb_metabolomics/bmse000694/nmr/set01/1H']
SP:3476,SA:3476,499.84,,,xml,['BMRB/bmrb_metabolomics/bmse000680/nmr/set01/1H']
SP:3477,SA:3477,600.13,,,xml,['BMRB/bmrb_metabolomics/bmse000858/nmr/set01/1H']
SP:3478,SA:3478,600.13,,,xml,['BMRB/bmrb_metabolomics/bmse000870/nmr/set01/1H']
SP:3479,SA:3479,600.13,,,xml,['BMRB/bmrb_metabolomics/bmse000864/nmr/set01/1H']
SP:3480,SA:3480,400.13,,,xml,['BMRB/bmrb_metabolomics/bmse000131/nmr/set01/1H']
SP:3481,SA:3481,600.13,,,xml,"['BMRB/bmrb_metabolomics/bmse000119/nmr/set02/1', 'BMRB/bmrb_metabolomics/bmse000119/nmr/set01/1']"
SP:3482,SA:3482,400.13,,,xml,['BMRB/bmrb_metabolomics/bmse000121/nmr/set01/1H']
SP:3483,SA:3483,400.13,,,xml,['BMRB/bmrb_metabolomics/bmse000647/nmr/set01/1H']
SP:3484,SA:3484,499.84,,,xml,['BMRB/bmrb_metabolomics/bmse000653/nmr/set01/1H']
SP:3485,SA:3485,499.84,,,xml,['BMRB/bmrb_metabolomics/bmse001203/nmr/set01/1D_1H']
SP:3486,SA:3486,499.84,,,xml,"['BMRB/bmrb_metabolomics/bmse000109/nmr/set02/1', 'BMRB/bmrb_metabolomics/bmse000109/nmr/set03/1', 'BMRB/bmrb_metabolomics/bmse000109/nmr/set01/1']"
SP:3487,SA:3487,499.84,,,xml,['BMRB/bmrb_metabolomics/bmse000684/nmr/set01/1H']
SP:3488,SA:3488,499.84,,,xml,['BMRB/bmrb_metabolomics/bmse000848/nmr/set01/1H']
SP:3489,SA:3489,499.84,,,xml,['BMRB/bmrb_metabolomics/bmse000690/nmr/set01/1H']
SP:3490,SA:3490,600.13,,,xml,['BMRB/bmrb_metabolomics/bmse000860/nmr/set01/1H']
SP:3491,SA:3491,499.84,,,xml,['BMRB/bmrb_metabolomics/bmse000445/nmr/set01/1H']
SP:3492,SA:3492,499.84,,,xml,['BMRB/bmrb_metabolomics/bmse000323/nmr/set01/1H']
SP:3493,SA:3493,499.84,,,xml,['BMRB/bmrb_metabolomics/bmse000337/nmr/set01/1H']
SP:3494,SA:3494,400.13,,,xml,['BMRB/bmrb_metabolomics/bmse001029/nmr/set01/1H']
SP:3495,SA:3495,499.84,,,xml,['BMRB/bmrb_metabolomics/bmse000479/nmr/set01/1H']
SP:3496,SA:3496,499.84,,,xml,['BMRB/bmrb_metabolomics/bmse000486/nmr/set01/1H']
SP:3497,SA:3497,499.84,,,xml,['BMRB/bmrb_metabolomics/bmse000531/nmr/set01/1H']
SP:3498,SA:3498,499.84,,,xml,"['BMRB/bmrb_metabolomics/bmse000243/nmr/set01/1H.5', 'BMRB/bmrb_metabolomics/bmse000243/nmr/set01/1H_2', 'BMRB/bmrb_metabolomics/bmse000243/nmr/set01/1H']"
SP:3499,SA:3499,400.13,,,xml,['BMRB/bmrb_metabolomics/bmse000294/nmr/set01/1H']
SP:3500,SA:3500,400.13,,,xml,['BMRB/bmrb_metabolomics/bmse000280/nmr/set01/1']
SP:3501,SA:3501,499.84,,,xml,['BMRB/bmrb_metabolomics/bmse000727/nmr/set01/1H']
SP:3502,SA:3502,499.84,,,xml,"['BMRB/bmrb_metabolomics/bmse000041/nmr/set02/1', 'BMRB/bmrb_metabolomics/bmse000041/nmr/set03/1', 'BMRB/bmrb_metabolomics/bmse000041/nmr/set01/1']"
SP:3503,SA:3503,499.84,,,xml,"['BMRB/bmrb_metabolomics/bmse000069/nmr/set02/1', 'BMRB/bmrb_metabolomics/bmse000069/nmr/set03/1', 'BMRB/bmrb_metabolomics/bmse000069/nmr/set01/1']"
SP:3504,SA:3504,400.13,,,xml,['BMRB/bmrb_metabolomics/bmse000096/nmr/set01/1H']
SP:3505,SA:3505,499.84,,,xml,['BMRB/bmrb_metabolomics/bmse000928/nmr/set01/1H']
SP:3506,SA:3506,600.13,,,xml,['BMRB/bmrb_metabolomics/bmse000914/nmr/set01/1H']
SP:3507,SA:3507,600.13,,,xml,['BMRB/bmrb_metabolomics/bmse000900/nmr/set01/1H']
SP:3508,SA:3508,600.13,,,xml,['BMRB/bmrb_metabolomics/bmse000901/nmr/set01/1H']
SP:3509,SA:3509,600.13,,,xml,['BMRB/bmrb_metabolomics/bmse000915/nmr/set01/1H']
SP:3510,SA:3510,400.13,,,xml,['BMRB/bmrb_metabolomics/bmse000083/nmr/set01/1']
SP:3511,SA:3511,400.13,,,xml,['BMRB/bmrb_metabolomics/bmse000097/nmr/set01/1H']
SP:3512,SA:3512,499.84,,,xml,"['BMRB/bmrb_metabolomics/bmse000929/nmr/set01/1H.5', 'BMRB/bmrb_metabolomics/bmse000929/nmr/set01/1H_2', 'BMRB/bmrb_metabolomics/bmse000929/nmr/set01/1H']"
SP:3513,SA:3513,499.84,,,xml,['BMRB/bmrb_metabolomics/bmse000726/nmr/set01/1H']
SP:3514,SA:3514,400.13,,,xml,['BMRB/bmrb_metabolomics/bmse000040/nmr/set01/1']
SP:3515,SA:3515,499.84,,,xml,['BMRB/bmrb_metabolomics/bmse000732/nmr/set01/1H']
SP:3516,SA:3516,400.13,,,xml,['BMRB/bmrb_metabolomics/bmse000281/nmr/set01/1H']
SP:3517,SA:3517,499.84,,,xml,['BMRB/bmrb_metabolomics/bmse000518/nmr/set01/1H']
SP:3518,SA:3518,499.84,,,xml,['BMRB/bmrb_metabolomics/bmse001174/nmr/set01/1D_1H']
SP:3519,SA:3519,400.13,,,xml,['BMRB/bmrb_metabolomics/bmse000242/nmr/set01/1H']
SP:3520,SA:3520,499.84,,,xml,['BMRB/bmrb_metabolomics/bmse000524/nmr/set01/1H']
SP:3521,SA:3521,499.84,,,xml,['BMRB/bmrb_metabolomics/bmse001148/nmr/set01/1D_1H']
SP:3522,SA:3522,499.84,,,xml,['BMRB/bmrb_metabolomics/bmse000336/nmr/set01/1H']
SP:3523,SA:3523,499.84,,,xml,['BMRB/bmrb_metabolomics/bmse000450/nmr/set01/1H']
SP:3524,SA:3524,499.84,,,xml,['BMRB/bmrb_metabolomics/bmse000444/nmr/set01/1H']
SP:3525,SA:3525,499.84,,,xml,['BMRB/bmrb_metabolomics/bmse000322/nmr/set01/1H']
SP:3526,SA:3526,600.13,,,xml,['BMRB/bmrb_metabolomics/bmse000875/nmr/set01/1H']
SP:3527,SA:3527,600.13,,,xml,['BMRB/bmrb_metabolomics/bmse000861/nmr/set01/1H']
SP:3528,SA:3528,499.84,,,xml,['BMRB/bmrb_metabolomics/bmse000691/nmr/set01/1H']
SP:3529,SA:3529,400.13,,,xml,['BMRB/bmrb_metabolomics/bmse000108/nmr/set01/1H']
SP:3530,SA:3530,400.13,,,xml,['BMRB/bmrb_metabolomics/bmse000134/nmr/set01/1H']
SP:3531,SA:3531,499.84,,,xml,"['BMRB/bmrb_metabolomics/bmse000120/nmr/set02/1', 'BMRB/bmrb_metabolomics/bmse000120/nmr/set03/1', 'BMRB/bmrb_metabolomics/bmse000120/nmr/set01/1']"
SP:3532,SA:3532,400.13,,,xml,['BMRB/bmrb_metabolomics/bmse000646/nmr/set01/1H']
SP:3533,SA:3533,499.84,,,xml,['BMRB/bmrb_metabolomics/bmse000678/nmr/set01/1H']
SP:3534,SA:3534,499.84,,,xml,['BMRB/bmrb_metabolomics/bmse001200/nmr/set01/1D_1H']
SP:3535,SA:3535,499.84,,,xml,['BMRB/bmrb_metabolomics/bmse000693/nmr/set01/1H']
SP:3536,SA:3536,499.84,,,xml,['BMRB/bmrb_metabolomics/bmse000687/nmr/set01/1H']
SP:3537,SA:3537,600.13,,,xml,['BMRB/bmrb_metabolomics/bmse000877/nmr/set01/1H']
SP:3538,SA:3538,600.13,,,xml,['BMRB/bmrb_metabolomics/bmse000863/nmr/set01/1H']
SP:3539,SA:3539,499.84,,,xml,['BMRB/bmrb_metabolomics/bmse000452/nmr/set01/1H']
SP:3540,SA:3540,499.84,,,xml,['BMRB/bmrb_metabolomics/bmse000334/nmr/set01/1H']
SP:3541,SA:3541,499.84,,,xml,['BMRB/bmrb_metabolomics/bmse000320/nmr/set01/1']
SP:3542,SA:3542,499.84,,,xml,['BMRB/bmrb_metabolomics/bmse000446/nmr/set01/1H']
SP:3543,SA:3543,499.84,,,xml,['BMRB/bmrb_metabolomics/bmse000308/nmr/set01/1H']
SP:3544,SA:3544,499.84,,,xml,['BMRB/bmrb_metabolomics/bmse000526/nmr/set01/1H']
SP:3545,SA:3545,499.84,,,xml,['BMRB/bmrb_metabolomics/bmse000532/nmr/set01/1H']
SP:3546,SA:3546,499.84,,,xml,['BMRB/bmrb_metabolomics/bmse001162/nmr/set01/1D_1H']
SP:3547,SA:3547,499.84,,,xml,['BMRB/bmrb_metabolomics/bmse001176/nmr/set01/1D_1H']
SP:3548,SA:3548,400.13,,,xml,['BMRB/bmrb_metabolomics/bmse000283/nmr/set01/1H']
SP:3549,SA:3549,400.13,,,xml,['BMRB/bmrb_metabolomics/bmse000297/nmr/set01/1H']
SP:3550,SA:3550,499.84,,,xml,['BMRB/bmrb_metabolomics/bmse001189/nmr/set01/1D_1H']
SP:3551,SA:3551,899.75,,,xml,"['BMRB/bmrb_metabolomics/bmse000042/nmr/set02/1', 'BMRB/bmrb_metabolomics/bmse000042/nmr/set03/1', 'BMRB/bmrb_metabolomics/bmse000042/nmr/set01/1']"
SP:3552,SA:3552,499.84,,,xml,['BMRB/bmrb_metabolomics/bmse000730/nmr/set01/1H']
SP:3553,SA:3553,499.84,,,xml,['BMRB/bmrb_metabolomics/bmse000718/nmr/set01/1H']
SP:3554,SA:3554,400.13,,,xml,['BMRB/bmrb_metabolomics/bmse000095/nmr/set01/1H']
SP:3555,SA:3555,600.13,,,xml,['BMRB/bmrb_metabolomics/bmse000917/nmr/set01/1H']
SP:3556,SA:3556,600.13,,,xml,['BMRB/bmrb_metabolomics/bmse000916/nmr/set01/1H']
SP:3557,SA:3557,400.13,,,xml,['BMRB/bmrb_metabolomics/bmse000094/nmr/set01/1']
SP:3558,SA:3558,400.13,,,xml,['BMRB/bmrb_metabolomics/bmse000080/nmr/set01/1H']
SP:3559,SA:3559,499.84,,,xml,['BMRB/bmrb_metabolomics/bmse000731/nmr/set01/1H']
SP:3560,SA:3560,499.84,,,xml,"['BMRB/bmrb_metabolomics/bmse000043/nmr/set02/1', 'BMRB/bmrb_metabolomics/bmse000043/nmr/set03/1', 'BMRB/bmrb_metabolomics/bmse000043/nmr/set01/1']"
SP:3561,SA:3561,499.84,,,xml,['BMRB/bmrb_metabolomics/bmse000725/nmr/set01/1H']
SP:3562,SA:3562,499.84,,,xml,"['BMRB/bmrb_metabolomics/bmse000282/nmr/set02/1', 'BMRB/bmrb_metabolomics/bmse000282/nmr/set03/1', 'BMRB/bmrb_metabolomics/bmse000282/nmr/set01/1']"
SP:3563,SA:3563,400.13,,,xml,['BMRB/bmrb_metabolomics/bmse000269/nmr/set01/1H']
SP:3564,SA:3564,499.84,,,xml,['BMRB/bmrb_metabolomics/bmse000527/nmr/set01/1H']
SP:3565,SA:3565,400.13,,,xml,['BMRB/bmrb_metabolomics/bmse000241/nmr/set01/1']
SP:3566,SA:3566,499.84,,,xml,['BMRB/bmrb_metabolomics/bmse000309/nmr/set01/1H']
SP:3567,SA:3567,499.84,,,xml,['BMRB/bmrb_metabolomics/bmse000321/nmr/set01/1']
SP:3568,SA:3568,499.84,,,xml,['BMRB/bmrb_metabolomics/bmse000447/nmr/set01/1H']
SP:3569,SA:3569,499.84,,,xml,['BMRB/bmrb_metabolomics/bmse000453/nmr/set01/1H']
SP:3570,SA:3570,499.84,,,xml,['BMRB/bmrb_metabolomics/bmse000335/nmr/set01/1']
SP:3571,SA:3571,600.13,,,xml,['BMRB/bmrb_metabolomics/bmse000862/nmr/set01/1H']
SP:3572,SA:3572,499.84,,,xml,['BMRB/bmrb_metabolomics/bmse000692/nmr/set01/1H']
SP:3573,SA:3573,499.84,,,xml,['BMRB/bmrb_metabolomics/bmse000679/nmr/set01/1H']
SP:3574,SA:3574,400.13,,,xml,['BMRB/bmrb_metabolomics/bmse000645/nmr/set01/1H']
SP:3575,SA:3575,499.84,,,xml,"['BMRB/bmrb_metabolomics/bmse000123/nmr/set01/1H.5', 'BMRB/bmrb_metabolomics/bmse000123/nmr/set01/1H_2', 'BMRB/bmrb_metabolomics/bmse000123/nmr/set01/1H']"
SP:3576,SA:3576,400.13,,,xml,['BMRB/bmrb_metabolomics/bmse000137/nmr/set01/1']
SP:3577,SA:3577,400.13,,,xml,['BMRB/bmrb_metabolomics/bmse000178/nmr/set01/1H']
SP:3578,SA:3578,400.13,,,xml,['BMRB/bmrb_metabolomics/bmse000150/nmr/set01/1']
SP:3579,SA:3579,499.84,,,xml,['BMRB/bmrb_metabolomics/bmse000636/nmr/set01/1H']
SP:3580,SA:3580,499.84,,,xml,['BMRB/bmrb_metabolomics/bmse000622/nmr/set01/1H']
SP:3581,SA:3581,400.13,,,xml,['BMRB/bmrb_metabolomics/bmse000144/nmr/set01/1H']
SP:3582,SA:3582,400.13,,,xml,['BMRB/bmrb_metabolomics/bmse000193/nmr/set01/1']
SP:3583,SA:3583,499.84,,,xml,['BMRB/bmrb_metabolomics/bmse000187/nmr/set01/1']
SP:3584,SA:3584,499.84,,,xml,['BMRB/bmrb_metabolomics/bmse000408/nmr/set01/1']
SP:3585,SA:3585,499.84,,,xml,['BMRB/bmrb_metabolomics/bmse000434/nmr/set01/1H']
SP:3586,SA:3586,499.84,,,xml,['BMRB/bmrb_metabolomics/bmse000352/nmr/set01/1H']
SP:3587,SA:3587,499.84,,,xml,['BMRB/bmrb_metabolomics/bmse000420/nmr/set01/1H']
SP:3588,SA:3588,499.84,,,xml,['BMRB/bmrb_metabolomics/bmse000391/nmr/set01/1H']
SP:3589,SA:3589,499.84,,,xml,['BMRB/bmrb_metabolomics/bmse000385/nmr/set01/1H']
SP:3590,SA:3590,499.84,,,xml,['BMRB/bmrb_metabolomics/bmse001104/nmr/set01/1D_1H']
SP:3591,SA:3591,400.13,,,xml,['BMRB/bmrb_metabolomics/bmse000568/nmr/set01/1H']
SP:3592,SA:3592,499.84,,,xml,['BMRB/bmrb_metabolomics/bmse000540/nmr/set01/1H']
SP:3593,SA:3593,499.84,,,xml,['BMRB/bmrb_metabolomics/bmse000554/nmr/set01/1H']
SP:3594,SA:3594,499.84,,,xml,['BMRB/bmrb_metabolomics/bmse000583/nmr/set01/1H']
SP:3595,SA:3595,499.84,,,xml,['BMRB/bmrb_metabolomics/bmse000597/nmr/set01/1H']
SP:3596,SA:3596,499.84,,,xml,['BMRB/bmrb_metabolomics/bmse000742/nmr/set01/1H']
SP:3597,SA:3597,499.84,,,xml,"['BMRB/bmrb_metabolomics/bmse000030/nmr/set01/1H.5', 'BMRB/bmrb_metabolomics/bmse000030/nmr/set01/1H_2', 'BMRB/bmrb_metabolomics/bmse000030/nmr/set01/1H']"
SP:3598,SA:3598,499.84,,,xml,['BMRB/bmrb_metabolomics/bmse000781/nmr/set01/1H']
SP:3599,SA:3599,499.84,,,xml,"['BMRB/bmrb_metabolomics/bmse000795/nmr/set01/1H.5', 'BMRB/bmrb_metabolomics/bmse000795/nmr/set01/1H_2', 'BMRB/bmrb_metabolomics/bmse000795/nmr/set01/1H']"
SP:3600,SA:3600,499.84,,,xml,"['BMRB/bmrb_metabolomics/bmse000794/nmr/set01/1H.5', 'BMRB/bmrb_metabolomics/bmse000794/nmr/set01/1H_2', 'BMRB/bmrb_metabolomics/bmse000794/nmr/set01/1H']"
SP:3601,SA:3601,499.84,,,xml,['BMRB/bmrb_metabolomics/bmse000780/nmr/set01/1H']
SP:3602,SA:3602,499.84,,,xml,['BMRB/bmrb_metabolomics/bmse000757/nmr/set01/1H']
SP:3603,SA:3603,400.13,,,xml,['BMRB/bmrb_metabolomics/bmse000031/nmr/set01/1']
SP:3604,SA:3604,400.13,,,xml,['BMRB/bmrb_metabolomics/bmse000025/nmr/set01/1']
SP:3605,SA:3605,499.84,,,xml,['BMRB/bmrb_metabolomics/bmse000743/nmr/set01/1H']
SP:3606,SA:3606,499.84,,,xml,"['BMRB/bmrb_metabolomics/bmse000019/nmr/set02/1', 'BMRB/bmrb_metabolomics/bmse000019/nmr/set03/1', 'BMRB/bmrb_metabolomics/bmse000019/nmr/set01/1']"
SP:3607,SA:3607,499.84,,,xml,['BMRB/bmrb_metabolomics/bmse000582/nmr/set01/1H']
SP:3608,SA:3608,600.13,,,xml,['BMRB/bmrb_metabolomics/bmse000227/nmr/set01/1H']
SP:3609,SA:3609,499.84,,,xml,['BMRB/bmrb_metabolomics/bmse000384/nmr/set01/1H']
SP:3610,SA:3610,499.84,,,xml,['BMRB/bmrb_metabolomics/bmse000390/nmr/set01/1H']
SP:3611,SA:3611,499.84,,,xml,['BMRB/bmrb_metabolomics/bmse000347/nmr/set01/1H']
SP:3612,SA:3612,499.84,,,xml,['BMRB/bmrb_metabolomics/bmse000421/nmr/set01/1H']
SP:3613,SA:3613,499.84,,,xml,['BMRB/bmrb_metabolomics/bmse000435/nmr/set01/1H']
SP:3614,SA:3614,499.84,,,xml,['BMRB/bmrb_metabolomics/bmse000409/nmr/set01/1H']
SP:3615,SA:3615,499.84,,,xml,['BMRB/bmrb_metabolomics/bmse000623/nmr/set01/1H']
SP:3616,SA:3616,499.84,,,xml,"['BMRB/bmrb_metabolomics/bmse000145/nmr/set01/1', 'BMRB/bmrb_metabolomics/bmse000145/nmr/set02/1', 'BMRB/bmrb_metabolomics/bmse000145/nmr/set03/1']"
SP:3617,SA:3617,499.84,,,xml,['BMRB/bmrb_metabolomics/bmse000637/nmr/set01/1H']
SP:3618,SA:3618,400.13,,,xml,['BMRB/bmrb_metabolomics/bmse000179/nmr/set01/1H']
SP:3619,SA:3619,499.84,,,xml,['BMRB/bmrb_metabolomics/bmse000609/nmr/set01/1H']
SP:3620,SA:3620,400.13,,,xml,['BMRB/bmrb_metabolomics/bmse000147/nmr/set01/1H']
SP:3621,SA:3621,499.84,,,xml,['BMRB/bmrb_metabolomics/bmse000621/nmr/set01/1H']
SP:3622,SA:3622,499.84,,,xml,['BMRB/bmrb_metabolomics/bmse000635/nmr/set01/1H']
SP:3623,SA:3623,400.13,,,xml,['BMRB/bmrb_metabolomics/bmse000153/nmr/set01/1H']
SP:3624,SA:3624,499.84,,,xml,"['BMRB/bmrb_metabolomics/bmse000184/nmr/set02/1', 'BMRB/bmrb_metabolomics/bmse000184/nmr/set03/1', 'BMRB/bmrb_metabolomics/bmse000184/nmr/set01/1']"
SP:3625,SA:3625,499.84,,,xml,"['BMRB/bmrb_metabolomics/bmse000190/nmr/set02/1', 'BMRB/bmrb_metabolomics/bmse000190/nmr/set03/1', 'BMRB/bmrb_metabolomics/bmse000190/nmr/set01/1']"
SP:3626,SA:3626,499.84,,,xml,['BMRB/bmrb_metabolomics/bmse000379/nmr/set01/1H']
SP:3627,SA:3627,499.84,,,xml,['BMRB/bmrb_metabolomics/bmse000423/nmr/set01/1']
SP:3628,SA:3628,499.84,,,xml,['BMRB/bmrb_metabolomics/bmse000345/nmr/set01/1H']
SP:3629,SA:3629,499.84,,,xml,['BMRB/bmrb_metabolomics/bmse000351/nmr/set01/1H']
SP:3630,SA:3630,499.84,,,xml,['BMRB/bmrb_metabolomics/bmse000437/nmr/set01/1H']
SP:3631,SA:3631,499.84,,,xml,['BMRB/bmrb_metabolomics/bmse000386/nmr/set01/1']
SP:3632,SA:3632,499.84,,,xml,['BMRB/bmrb_metabolomics/bmse000392/nmr/set01/1H']
SP:3633,SA:3633,499.84,,,xml,['BMRB/bmrb_metabolomics/bmse000557/nmr/set01/1H']
SP:3634,SA:3634,400.13,,,xml,['BMRB/bmrb_metabolomics/bmse000225/nmr/set01/1H']
SP:3635,SA:3635,499.84,,,xml,['BMRB/bmrb_metabolomics/bmse000594/nmr/set01/1H']
SP:3636,SA:3636,400.13,,,xml,['BMRB/bmrb_metabolomics/bmse000033/nmr/set01/1H']
SP:3637,SA:3637,499.84,,,xml,['BMRB/bmrb_metabolomics/bmse000741/nmr/set01/1H']
SP:3638,SA:3638,499.84,,,xml,"['BMRB/bmrb_metabolomics/bmse000972/nmr/set01/1H_2', 'BMRB/bmrb_metabolomics/bmse000972/nmr/set01/1H']"
SP:3639,SA:3639,600.13,,,xml,['BMRB/bmrb_metabolomics/bmse000966/nmr/set01/1']
SP:3640,SA:3640,600.13,,,xml,['BMRB/bmrb_metabolomics/bmse000967/nmr/set01/1H']
SP:3641,SA:3641,499.84,,,xml,"['BMRB/bmrb_metabolomics/bmse000973/nmr/set01/1H_2', 'BMRB/bmrb_metabolomics/bmse000973/nmr/set01/1H']"
SP:3642,SA:3642,499.84,,,xml,['BMRB/bmrb_metabolomics/bmse000740/nmr/set01/1H']
SP:3643,SA:3643,499.84,,,xml,"['BMRB/bmrb_metabolomics/bmse000032/nmr/set02/1', 'BMRB/bmrb_metabolomics/bmse000032/nmr/set03/1', 'BMRB/bmrb_metabolomics/bmse000032/nmr/set01/1']"
SP:3644,SA:3644,499.84,,,xml,['BMRB/bmrb_metabolomics/bmse000754/nmr/set01/1H']
SP:3645,SA:3645,499.84,,,xml,['BMRB/bmrb_metabolomics/bmse000768/nmr/set01/1H']
SP:3646,SA:3646,499.84,,,xml,['BMRB/bmrb_metabolomics/bmse000581/nmr/set01/1H']
SP:3647,SA:3647,499.84,,,xml,['BMRB/bmrb_metabolomics/bmse000595/nmr/set01/1H']
SP:3648,SA:3648,400.13,,,xml,['BMRB/bmrb_metabolomics/bmse000224/nmr/set01/1H']
SP:3649,SA:3649,499.84,,,xml,['BMRB/bmrb_metabolomics/bmse000556/nmr/set01/1H']
SP:3650,SA:3650,400.13,,,xml,['BMRB/bmrb_metabolomics/bmse000230/nmr/set01/1']
SP:3651,SA:3651,499.84,,,xml,['BMRB/bmrb_metabolomics/bmse001106/nmr/set01/1D_1H']
SP:3652,SA:3652,499.84,,,xml,['BMRB/bmrb_metabolomics/bmse000350/nmr/set01/1H']
SP:3653,SA:3653,499.84,,,xml,['BMRB/bmrb_metabolomics/bmse000422/nmr/set01/1H']
SP:3654,SA:3654,499.84,,,xml,['BMRB/bmrb_metabolomics/bmse000344/nmr/set01/1H']
SP:3655,SA:3655,499.84,,,xml,['BMRB/bmrb_metabolomics/bmse000378/nmr/set01/1H']
SP:3656,SA:3656,400.13,,,xml,"['BMRB/bmrb_metabolomics/bmse000191/nmr/set02/1', 'BMRB/bmrb_metabolomics/bmse000191/nmr/set03/1', 'BMRB/bmrb_metabolomics/bmse000191/nmr/set01/1']"
SP:3657,SA:3657,499.84,,,xml,"['BMRB/bmrb_metabolomics/bmse000185/nmr/set02/1', 'BMRB/bmrb_metabolomics/bmse000185/nmr/set03/1', 'BMRB/bmrb_metabolomics/bmse000185/nmr/set01/1']"
SP:3658,SA:3658,499.84,,,xml,['BMRB/bmrb_metabolomics/bmse000634/nmr/set01/1H']
SP:3659,SA:3659,400.13,,,xml,['BMRB/bmrb_metabolomics/bmse000152/nmr/set01/1H']
SP:3660,SA:3660,400.13,,,xml,['BMRB/bmrb_metabolomics/bmse000146/nmr/set01/1H']
SP:3661,SA:3661,499.84,,,xml,['BMRB/bmrb_metabolomics/bmse000620/nmr/set01/1H']
SP:3662,SA:3662,499.84,,,xml,['BMRB/bmrb_metabolomics/bmse000624/nmr/set01/1H']
SP:3663,SA:3663,400.13,,,xml,['BMRB/bmrb_metabolomics/bmse000142/nmr/set01/1H']
SP:3664,SA:3664,400.13,,,xml,['BMRB/bmrb_metabolomics/bmse000156/nmr/set01/1H']
SP:3665,SA:3665,499.84,,,xml,['BMRB/bmrb_metabolomics/bmse000618/nmr/set01/1H']
SP:3666,SA:3666,400.13,,,xml,['BMRB/bmrb_metabolomics/bmse000195/nmr/set01/1H']
SP:3667,SA:3667,499.84,,,xml,"['BMRB/bmrb_metabolomics/bmse000340/nmr/set02/1', 'BMRB/bmrb_metabolomics/bmse000340/nmr/set03/1', 'BMRB/bmrb_metabolomics/bmse000340/nmr/set01/1']"
SP:3668,SA:3668,499.84,,,xml,['BMRB/bmrb_metabolomics/bmse000426/nmr/set01/1H']
SP:3669,SA:3669,499.84,,,xml,['BMRB/bmrb_metabolomics/bmse000432/nmr/set01/1H']
SP:3670,SA:3670,499.84,,,xml,['BMRB/bmrb_metabolomics/bmse000354/nmr/set01/1H']
SP:3671,SA:3671,400.13,,,xml,['BMRB/bmrb_metabolomics/bmse000368/nmr/set01/1H']
SP:3672,SA:3672,499.84,,,xml,['BMRB/bmrb_metabolomics/bmse000383/nmr/set01/1H']
SP:3673,SA:3673,499.84,,,xml,['BMRB/bmrb_metabolomics/bmse000552/nmr/set01/1H']
SP:3674,SA:3674,400.13,,,xml,['BMRB/bmrb_metabolomics/bmse000220/nmr/set01/1']
SP:3675,SA:3675,499.84,,,xml,"['BMRB/bmrb_metabolomics/bmse000208/nmr/set02/1', 'BMRB/bmrb_metabolomics/bmse000208/nmr/set03/1', 'BMRB/bmrb_metabolomics/bmse000208/nmr/set01/1']"
SP:3676,SA:3676,499.84,,,xml,['BMRB/bmrb_metabolomics/bmse000591/nmr/set01/1H']
SP:3677,SA:3677,499.84,,,xml,['BMRB/bmrb_metabolomics/bmse000585/nmr/set01/1H']
SP:3678,SA:3678,499.84,,,xml,['BMRB/bmrb_metabolomics/bmse000988/nmr/set01/1H']
SP:3679,SA:3679,499.84,,,xml,['BMRB/bmrb_metabolomics/bmse000750/nmr/set01/1H']
SP:3680,SA:3680,499.84,,,xml,['BMRB/bmrb_metabolomics/bmse000744/nmr/set01/1H']
SP:3681,SA:3681,499.84,,,xml,"['BMRB/bmrb_metabolomics/bmse000787/nmr/set02/1', 'BMRB/bmrb_metabolomics/bmse000787/nmr/set03/1', 'BMRB/bmrb_metabolomics/bmse000787/nmr/set01/1']"
SP:3682,SA:3682,600.13,,,xml,['BMRB/bmrb_metabolomics/bmse000977/nmr/set01/1H']
SP:3683,SA:3683,499.84,,,xml,['BMRB/bmrb_metabolomics/bmse000962/nmr/set01/1H']
SP:3684,SA:3684,600.13,,,xml,['BMRB/bmrb_metabolomics/bmse000976/nmr/set01/1H']
SP:3685,SA:3685,499.84,,,xml,"['BMRB/bmrb_metabolomics/bmse000786/nmr/set01/1H.5', 'BMRB/bmrb_metabolomics/bmse000786/nmr/set01/1H_2', 'BMRB/bmrb_metabolomics/bmse000786/nmr/set01/1H']"
SP:3686,SA:3686,499.84,,,xml,['BMRB/bmrb_metabolomics/bmse000779/nmr/set01/1H']
SP:3687,SA:3687,499.84,,,xml,['BMRB/bmrb_metabolomics/bmse000745/nmr/set01/1H']
SP:3688,SA:3688,499.84,,,xml,['BMRB/bmrb_metabolomics/bmse000751/nmr/set01/1H']
SP:3689,SA:3689,499.84,,,xml,['BMRB/bmrb_metabolomics/bmse000989/nmr/set01/1H']
SP:3690,SA:3690,499.84,,,xml,"['BMRB/bmrb_metabolomics/bmse000037/nmr/set02/1', 'BMRB/bmrb_metabolomics/bmse000037/nmr/set03/1', 'BMRB/bmrb_metabolomics/bmse000037/nmr/set01/1']"
SP:3691,SA:3691,499.84,,,xml,['BMRB/bmrb_metabolomics/bmse000584/nmr/set01/1H']
SP:3692,SA:3692,400.13,,,xml,['BMRB/bmrb_metabolomics/bmse000590/nmr/set01/1H']
SP:3693,SA:3693,400.13,,,xml,['BMRB/bmrb_metabolomics/bmse000209/nmr/set01/1H']
SP:3694,SA:3694,400.13,,,xml,['BMRB/bmrb_metabolomics/bmse000553/nmr/set01/1H']
SP:3695,SA:3695,499.84,,,xml,['BMRB/bmrb_metabolomics/bmse000382/nmr/set01/1']
SP:3696,SA:3696,499.84,,,xml,['BMRB/bmrb_metabolomics/bmse000369/nmr/set01/1H']
SP:3697,SA:3697,499.84,,,xml,['BMRB/bmrb_metabolomics/bmse000433/nmr/set01/1H']
SP:3698,SA:3698,499.84,,,xml,['BMRB/bmrb_metabolomics/bmse000355/nmr/set01/1H']
SP:3699,SA:3699,499.84,,,xml,['BMRB/bmrb_metabolomics/bmse000341/nmr/set01/1']
SP:3700,SA:3700,400.13,,,xml,['BMRB/bmrb_metabolomics/bmse000180/nmr/set01/1']
SP:3701,SA:3701,499.84,,,xml,['BMRB/bmrb_metabolomics/bmse000619/nmr/set01/1H']
SP:3702,SA:3702,400.13,,,xml,['BMRB/bmrb_metabolomics/bmse000157/nmr/set01/1']
SP:3703,SA:3703,499.84,,,xml,['BMRB/bmrb_metabolomics/bmse000631/nmr/set01/1H']
SP:3704,SA:3704,499.84,,,xml,['BMRB/bmrb_metabolomics/bmse000625/nmr/set01/1H']
SP:3705,SA:3705,400.13,,,xml,['BMRB/bmrb_metabolomics/bmse000143/nmr/set01/1H']
SP:3706,SA:3706,499.84,,,xml,"['BMRB/bmrb_metabolomics/bmse000155/nmr/set02/1', 'BMRB/bmrb_metabolomics/bmse000155/nmr/set03/1', 'BMRB/bmrb_metabolomics/bmse000155/nmr/set01/1']"
SP:3707,SA:3707,400.13,,,xml,['BMRB/bmrb_metabolomics/bmse000169/nmr/set01/1H']
SP:3708,SA:3708,499.84,,,xml,['BMRB/bmrb_metabolomics/bmse000828/nmr/set01/1H']
SP:3709,SA:3709,400.13,,,xml,['BMRB/bmrb_metabolomics/bmse000182/nmr/set01/1H']
SP:3710,SA:3710,499.84,,,xml,['BMRB/bmrb_metabolomics/bmse000425/nmr/set01/1H']
SP:3711,SA:3711,499.84,,,xml,['BMRB/bmrb_metabolomics/bmse000343/nmr/set01/1H']
SP:3712,SA:3712,499.84,,,xml,['BMRB/bmrb_metabolomics/bmse000419/nmr/set01/1H']
SP:3713,SA:3713,499.84,,,xml,['BMRB/bmrb_metabolomics/bmse000394/nmr/set01/1H']
SP:3714,SA:3714,499.84,,,xml,['BMRB/bmrb_metabolomics/bmse000380/nmr/set01/1H']
SP:3715,SA:3715,400.13,,,xml,['BMRB/bmrb_metabolomics/bmse000223/nmr/set01/1H']
SP:3716,SA:3716,499.84,,,xml,['BMRB/bmrb_metabolomics/bmse000545/nmr/set01/1H']
SP:3717,SA:3717,499.84,,,xml,['BMRB/bmrb_metabolomics/bmse001129/nmr/set01/1D_1H']
SP:3718,SA:3718,499.84,,,xml,['BMRB/bmrb_metabolomics/bmse000579/nmr/set01/1']
SP:3719,SA:3719,499.84,,,xml,['BMRB/bmrb_metabolomics/bmse001115/nmr/set01/1D_1H']
SP:3720,SA:3720,499.84,,,xml,['BMRB/bmrb_metabolomics/bmse000592/nmr/set01/1H']
SP:3721,SA:3721,499.84,,,xml,"['BMRB/bmrb_metabolomics/bmse000035/nmr/set02/1', 'BMRB/bmrb_metabolomics/bmse000035/nmr/set03/1', 'BMRB/bmrb_metabolomics/bmse000035/nmr/set01/1']"
SP:3722,SA:3722,600.13,,,xml,['BMRB/bmrb_metabolomics/bmse000948/nmr/set01/1']
SP:3723,SA:3723,600.13,,,xml,['BMRB/bmrb_metabolomics/bmse000975/nmr/set01/1H']
SP:3724,SA:3724,600.13,,,xml,['BMRB/bmrb_metabolomics/bmse000949/nmr/set01/1H']
SP:3725,SA:3725,499.84,,,xml,"['BMRB/bmrb_metabolomics/bmse000034/nmr/set02/1', 'BMRB/bmrb_metabolomics/bmse000034/nmr/set03/1', 'BMRB/bmrb_metabolomics/bmse000034/nmr/set01/1']"
SP:3726,SA:3726,499.84,,,xml,['BMRB/bmrb_metabolomics/bmse000746/nmr/set01/1H']
SP:3727,SA:3727,499.84,,,xml,['BMRB/bmrb_metabolomics/bmse000593/nmr/set01/1H']
SP:3728,SA:3728,499.84,,,xml,['BMRB/bmrb_metabolomics/bmse000587/nmr/set01/1H']
SP:3729,SA:3729,499.84,,,xml,['BMRB/bmrb_metabolomics/bmse001114/nmr/set01/1D_1H']
SP:3730,SA:3730,499.84,,,xml,['BMRB/bmrb_metabolomics/bmse000578/nmr/set01/1H']
SP:3731,SA:3731,400.13,,,xml,['BMRB/bmrb_metabolomics/bmse000236/nmr/set01/1H']
SP:3732,SA:3732,400.13,,,xml,['BMRB/bmrb_metabolomics/bmse000222/nmr/set01/1H']
SP:3733,SA:3733,499.84,,,xml,['BMRB/bmrb_metabolomics/bmse000381/nmr/set01/1H']
SP:3734,SA:3734,499.84,,,xml,['BMRB/bmrb_metabolomics/bmse000395/nmr/set01/1H']
SP:3735,SA:3735,499.84,,,xml,['BMRB/bmrb_metabolomics/bmse000418/nmr/set01/1H']
SP:3736,SA:3736,499.84,,,xml,['BMRB/bmrb_metabolomics/bmse000424/nmr/set01/1H']
SP:3737,SA:3737,499.84,,,xml,['BMRB/bmrb_metabolomics/bmse000342/nmr/set01/1H']
SP:3738,SA:3738,499.84,,,xml,['BMRB/bmrb_metabolomics/bmse000356/nmr/set01/1H']
SP:3739,SA:3739,499.84,,,xml,['BMRB/bmrb_metabolomics/bmse000430/nmr/set01/1H']
SP:3740,SA:3740,499.84,,,xml,"['BMRB/bmrb_metabolomics/bmse000183/nmr/set02/1', 'BMRB/bmrb_metabolomics/bmse000183/nmr/set03/1', 'BMRB/bmrb_metabolomics/bmse000183/nmr/set01/1']"
SP:3741,SA:3741,400.13,,,xml,['BMRB/bmrb_metabolomics/bmse000168/nmr/set01/1H']
SP:3742,SA:3742,499.84,,,xml,['BMRB/bmrb_metabolomics/bmse000626/nmr/set01/1H']
SP:3743,SA:3743,499.84,,,xml,['BMRB/bmrb_metabolomics/bmse000632/nmr/set01/1H']
SP:3744,SA:3744,400.13,,,xml,['BMRB/bmrb_metabolomics/bmse000154/nmr/set01/1H']
